ARTG ID,ARTG name,Active ingredients,Dosage form,Quantity of active ingredients,Sponsor,Phone,Shortage status,Supply impact start date,Supply impact end date,Deletion from market,Shortage impact rating,Availability,Reason,Management action,Last updated
10013,TECHNESCAN MAG3 Kit for preparation of Technetium (99mTc) mertiatide powder for injection multidose vial,betiatide,"Injection, powder for",1 mg,Landauer Radiopharmaceuticals Pty Ltd,02 8651 4000,Current,30/04/2024,31/01/2025,,Medium,Unavailable,Manufacturing,Sponsor is working to expedite the next shipment.,7/5/2024
10047,CYMEVENE ganciclovir 500mg (as sodium) powder for injection vial,ganciclovir sodium,"Injection, powder for",543 mg,Pharmaco Australia Ltd,1800201564,Resolved,30/05/2024,4/7/2024,,Critical,Available,Manufacturing,,8/7/2024
100517,Q-VAX Q FEVER VACCINE 0.5mL injection syringe,Coxiella burnetii,Injection,50 microgram/mL,Seqirus Pty Ltd,1800642865,Current,31/05/2024,31/01/2025,,Critical,Limited Availability,Manufacturing,The sponsor is closely controlling the supply.,9/8/2024
100518,Q-VAX SKIN TEST (Inactivated C. burnetii for Pre-Q-Vax Vaccination Screening)  injection vial,Coxiella burnetii,Injection,5 microgram/mL,Seqirus Pty Ltd,1800642865,Current,31/05/2024,31/01/2025,,Medium,Limited Availability,Manufacturing,The sponsor is closely controlling the supply.,13/08/2024
10052,NORIDAY 28 DAY norethisterone 350 microgram tablet blister pack,norethisterone,"Tablet, uncoated",350 microgram,Pfizer Australia Pty Ltd,1800 675 229,Current,11/9/2024,31/12/2024,,Medium,Unavailable,Manufacturing,The sponsor is closely controlling the supply.,17/09/2024
101217,Pfizer (Australia) TOBRAMYCIN (as sulfate) 80 mg/2 mL injection BP ampoule,tobramycin,"Injection, solution",80 mg,Pfizer Australia Pty Ltd,1800-675-229,Discontinued,,,1/10/2024,Low,Unavailable,Commercial Changes / Commercial viability,Alternative generic products are available.,12/8/2024
101243,DBL MORPHINE SULFATE 15mg/1mL injection ampoule,morphine sulfate pentahydrate,"Injection, solution",15 mg,Pfizer Australia Pty Ltd,1800-675-229,Discontinued,,,31/01/2024,Critical,Reduction in supply until supply is exhausted,Commercial Changes / Commercial viability,Alternative generic products are available and other strengths are available.,27/09/2023
101265,CLARITHROMYCIN SANDOZ clarithromycin 250 mg film coated tablet blister pack,clarithromycin,"Tablet, film coated",250 mg,Sandoz Pty Ltd,1800 726 369,Current,15/08/2024,4/10/2024,,Low,Limited Availability,Manufacturing,Alternative generic products are available.,4/9/2024
101317,FIBSOL 10 lisinopril 10mg (as dihydrate) tablet blister pack,lisinopril dihydrate,"Tablet, uncoated",10.89 mg,Arrotex Pharmaceuticals Pty Ltd,1800 195 055,Resolved,21/06/2024,1/10/2024,,Low,Available,Manufacturing,,2/10/2024
101553,RENAGEL sevelamer hydrochloride 800 mg tablet bottle,sevelamer hydrochloride,"Tablet, film coated",800 mg,Sanofi-Aventis Australia Pty Ltd,1800818806,Resolved,15/07/2024,29/08/2024,,Medium,Available,Manufacturing,,29/08/2024
101581,ELIGARD leuprorelin acetate 45 mg modified release injection syringe,leuprorelin acetate,"Injection, modified release",45 mg,Mundipharma Pty Ltd,1800 188 009,Resolved,30/08/2024,30/08/2024,,Medium,Available,Manufacturing,,3/9/2024
101604,TELZIR fosamprenavir 700mg (as calcium) tablet bottle,fosamprenavir calcium,"Tablet, film coated",853.2 mg,ViiV Healthcare Pty Ltd,1800499226,Discontinued,,,1/7/2024,Medium,Reduction in supply until supply is exhausted,Commercial Changes / Commercial viability,,15/11/2023
101696,NUPENTIN 300 gabapentin 300 mg capsule blister pack,gabapentin,"Capsule, hard",300 mg,Alphapharm Pty Ltd,1800274276,Current,19/09/2024,1/11/2024,,Low,Limited Availability,Manufacturing,Alternative generic products are available.,20/09/2024
101702,KARVEA irbesartan 75 mg film-coated tablet blister pack,irbesartan,"Tablet, film coated",75 mg,Sanofi-Aventis Australia Pty Ltd,1800818806,Discontinued,,,30/08/2024,Low,Reduction in supply until supply is exhausted,Commercial Changes / Commercial viability,Alternative generic products available.,7/12/2023
101730,AVAPRO irbesartan 75 mg tablet blister pack,irbesartan,"Tablet, film coated",75 mg,Sanofi-Aventis Australia Pty Ltd,1800818806,Discontinued,,,31/05/2024,Low,Reduction in supply until supply is exhausted,Commercial Changes / Commercial viability,Alternative generic products available.,7/12/2023
104542,VELCADE bortezomib 3.5 mg powder for injection vial,bortezomib,"Injection, powder for",3.5 mg,Janssen-Cilag Pty Ltd,1800226334,Discontinued,,,30/06/2025,Low,Reduction in supply until supply is exhausted,Commercial Changes / Commercial viability,Alternative generic products are available.,2/5/2024
10509,PRIMAXIN imipenem 500mg and cilastatin 500mg (as sodium) powder for injection vial,cilastatin~imipenem,"Injection, powder for",500 mg~500 mg,Merck Sharp & Dohme (Australia) Pty Ltd,1800818553,Discontinued,,,29/02/2024,Critical,Reduction in supply until supply is exhausted,Commercial Changes / Commercial viability,An imipenem/cilastatin injection product may be available via the Special Access Scheme (SAS): https://www.tga.gov.au/products/prescribe-unapproved-therapeutic-good-health-practitioners,30/04/2024
10758,MINIPRESS prazosin 5 mg (as hydrochloride) tablet blister pack,prazosin hydrochloride,"Tablet, uncoated",5.476 mg,Pfizer Australia Pty Ltd,1800675229,Resolved,3/7/2024,1/8/2024,,Low,Available,Unexpected increase in consumer demand,,2/8/2024
10777,Pfizer (Australia) METHOTREXATE 50mg/2mL injection BP,methotrexate,"Injection, solution",50 mg,Pfizer Australia Pty Ltd,1800-675-229,Discontinued,,,1/12/2024,Low,Reduction in supply until supply is exhausted,Commercial Changes / Commercial viability,"Other generic by same sponsor available - 
DBL METHOTREXATE 50mg/2mL injection BP vial (ARTG 16314)",8/7/2024
10778,Pfizer (Australia) METHOTREXATE 1000mg/10mL injection BP vial,methotrexate,"Injection, solution",1000 mg,Pfizer Australia Pty Ltd,1800-675-229,Discontinued,,,1/12/2023,Low,Reduction in supply until supply is exhausted,Commercial Changes / Commercial viability,,1/5/2023
11060,SYNACTHEN DEPOT tetracosactide (tetracosactrin) zinc complex 1mg/1m L injection ampoule,tetracosactide,"Injection, modified release",1 mg/mL,Atnahs Pharma Australia Pty Ltd,1800899005,Current,1/2/2019,30/11/2026,,Critical,Unavailable,Manufacturing,,31/10/2023
11175,Bridgewest CHLORHEXIDINE 0.1% irrigation solution ampoule,chlorhexidine gluconate,"Solution, irrigation",30 mg,Bridgewest Perth Pharma Pty Ltd,1800161156,Current,1/7/2024,31/12/2024,,Low,Limited Availability,Manufacturing,The sponsor is working to expedite the next shipment.,5/7/2024
11230,INDERAL propranolol hydrochloride 40mg tablet bottle,propranolol hydrochloride,"Tablet, film coated",40 mg,Atnahs Pharma Australia Pty Ltd,399185555,Resolved,1/5/2024,12/9/2024,,Medium,Available,Manufacturing,,24/09/2024
11231,MYSOLINE primidone 250mg tablet bottle,primidone,"Tablet, uncoated",250 mg,Link Medical Products Pty Ltd T/A Link Pharmaceuticals,1800 181 060,Current,10/9/2024,28/10/2024,,Medium,Limited Availability,Manufacturing,The sponsor is closely controlling suppyl and working to expedite the next shipment.,26/09/2024
112368,DUROGESIC fentanyl 25 micrograms/h transdermal patch sachet,fentanyl,"Drug delivery system, transdermal",4.2 mg,Janssen-Cilag Pty Ltd,1800226334,Current,12/8/2024,30/06/2025,,Medium,Unavailable,Manufacturing,Alternative generic products are available,21/08/2024
112369,DUROGESIC fentanyl 50 micrograms/h transdermal patch sachet,fentanyl,"Drug delivery system, transdermal",8.4 mg,Janssen-Cilag Pty Ltd,1800226334,Current,12/8/2024,30/06/2025,,Medium,Unavailable,Manufacturing,Alternative generic products are available,21/08/2024
112370,DUROGESIC fentanyl 75 micrograms/h transdermal patch sachet,fentanyl,"Drug delivery system, transdermal",12.6 mg,Janssen-Cilag Pty Ltd,1800226334,Current,12/8/2024,30/06/2025,,Medium,Unavailable,Manufacturing,Alternative generic products are available,21/08/2024
112371,DUROGESIC fentanyl 100 micrograms/h transdermal patch sachet,fentanyl,"Drug delivery system, transdermal",16.8 mg,Janssen-Cilag Pty Ltd,1800226334,Current,12/8/2024,30/06/2025,,Medium,Unavailable,Manufacturing,Alternative generic products are available,21/08/2024
112603,LANTHEUS THALLIUM[201Tl] CHLORIDE 74MBq/mL injection multidose vial,thallous(201Tl) chloride,"Injection, solution",74 MBq/mL,Global Medical Solutions Australia Pty Limited,95038100,Current,1/8/2021,31/12/2026,,Medium,Unavailable,Manufacturing,"An unregistered product has been approved for supply under Section 19A. The approval holder, Global Medical Solutions Australia Pty Ltd can be contacted on 02 9503 8100 for details on supply.",3/1/2024
11303,Bridgewest ATROPINE INJECTION BP atropine sulfate monohydrate 1200 microgram/1 mL injection BP ampoule,atropine sulfate monohydrate,"Injection, solution",1.2 mg/mL,Bridgewest Perth Pharma Pty Ltd,1800161156,Current,27/06/2024,11/10/2024,,Low,Unavailable,Manufacturing,Sponsor is working to expedite the next shipment.,30/09/2024
11312,Pfizer (Australia) BUPIVACAINE HYDROCHLORIDE 0.5% (50mg/10mL) injection BP ampoule,bupivacaine hydrochloride monohydrate,"Injection, solution",52.7 mg,Pfizer Australia Pty Ltd,1800-675-229,Current,26/09/2024,31/03/2025,,Low,Unavailable,Manufacturing,,27/09/2024
11352,Pfizer (Australia) CYTARABINE 1g/10mL injection vial,cytarabine,"Injection, solution",1 g,Pfizer Australia Pty Ltd,1800-675-229,Discontinued,,,1/5/2024,Low,Reduction in supply until supply is exhausted,Commercial Changes / Commercial viability,Other generic by same sponsor available - DBL CYTARABINE 1g/10mL injection vial ARTG 47284.,2/11/2023
11376,Pfizer (Australia) GENTAMICIN 80mg/2mL (as sulfate) injection BP ampoule,gentamicin,"Injection, solution",80 mg,Pfizer Australia Pty Ltd,1800-675-229,Anticipated,1/11/2024,31/03/2025,,Critical,Available,Manufacturing,"An alternative generic product is available.
An unregistered product has also been approved for supply under Section 19A. The approval holder, ORSPEC Pharma Pty Ltd, can be contacted for details on supply on 02 4339 4239.",30/08/2024
115652,SALBUTAMOL CIPLA salbutamol 2.5mg/2.5mL (as sulfate) inhalation ampoules,salbutamol sulfate,"Inhalation, conventional",3 mg,Cipla Australia Pty Ltd,396964413,Current,30/12/2022,1/2/2025,,Medium,Unavailable,Manufacturing,An alternative brand is available.,27/09/2024
116688,DBL LEUCOVORIN CALCIUM folinic acid 300 mg/30 mL (as calcium folinate) injection vial,calcium folinate,Injection,324.1 mg,Pfizer Australia Pty Ltd,1800-675-229,Resolved,5/9/2024,5/9/2024,,Critical,Available,Manufacturing,,5/9/2024
116828,DUROGESIC fentanyl 12 micrograms/h transdermal patch sachet,fentanyl,"Drug delivery system, transdermal",2.1 mg,Janssen-Cilag Pty Ltd,1800226334,Current,12/8/2024,30/06/2025,,Medium,Unavailable,Manufacturing,Alternative generic products are available.,21/08/2024
117953,DORMIZOL Zolpidem tartrate 10mg tablet blister pack,zolpidem tartrate,"Tablet, film coated",10 mg,Sanofi-Aventis Australia Pty Ltd,1800818806,Discontinued,,,15/02/2025,Low,Unavailable,Commercial Changes / Commercial viability,Alternative generic products are available.,13/08/2024
118510,MIOCHOL-E acetylcholine chloride 20mg/2mL powder for solution for intraocular irrigation ampoule,acetylcholine chloride,"Solution, powder for irrigation",10 mg/mL,Bausch & Lomb Australia Pty Ltd,1800 251 150,Current,15/09/2023,30/10/2024,,Medium,Unavailable,Manufacturing,"The sponsor is working to expedite the next shipment. 
An unregistered product has been approved for supply under Section 19A. The approval holder, Bausch & Lomb Australia Pty Ltd?, can be contacted for details on supply on 1800 251 150.",19/07/2024
119102,REVATIO sildenafil (as citrate) 20mg tablet blister pack,sildenafil citrate,"Tablet, film coated",28.09 mg,Viatris Pty Ltd,1800 314 527,Current,29/07/2024,23/12/2024,,Low,Limited Availability,Unexpected increase in consumer demand,Alternative generic products are available.,6/8/2024
119196,SOMIDEM zolpidem tartrate 10mg tablet blister pack,zolpidem tartrate,"Tablet, film coated",10 mg,Alphapharm Pty Ltd,1800274276,Resolved,28/05/2024,26/08/2024,,Low,Available,Manufacturing,,27/08/2024
119966,LOXALATE escitalopram oxalate 20mg tablets blister packs,escitalopram oxalate,"Tablet, film coated",25.56 mg,Alphapharm Pty Ltd,1800274276,Resolved,15/07/2024,1/10/2024,,Low,Available,Manufacturing,,2/10/2024
12008,"XYLOCAINE 0.5% WITH ADRENALINE 1:200,000 20mL injection vial",lidocaine hydrochloride~adrenaline (epinephrine) acid tartrate,"Injection, solution",5 mg/mL~9.1 microgram/mL,Aspen Pharmacare Australia Pty Ltd,1300659646,Discontinued,,,12/8/2024,Critical,Unavailable,Manufacturing,Products are available in another presentation.,14/08/2024
12024,"2% XYLOCAINE DENTAL WITH ADRENALINE 1:80,000 2.2mL injection cartridge",lidocaine hydrochloride monohydrate~adrenaline (epinephrine) acid tartrate,"Injection, solution",21.3 mg/mL~22.7 microgram/mL,Dentsply Sirona Pty Ltd,1300 552 929,Resolved,14/06/2024,16/08/2024,,Low,Available,Manufacturing,,27/08/2024
120382,CYMBALTA duloxetine 30 mg (as hydrochloride) enteric capsule blister pack,duloxetine hydrochloride,"Capsule, enteric",33.7 mg,Eli Lilly Australia Pty Ltd,1800454559,Current,29/04/2024,1/5/2025,,Low,Unavailable,Manufacturing,An alternative generic product is available.,23/05/2024
120389,CYMBALTA duloxetine 60 mg (as hydrochloride) enteric capsule blister pack,duloxetine hydrochloride,"Capsule, enteric",67.3 mg,Eli Lilly Australia Pty Ltd,1800454559,Current,7/8/2024,1/5/2025,,Low,Unavailable,Manufacturing,Alternative generic products are available.,27/08/2024
120868,DIAFORMIN XR metformin hydrochloride 500mg extended release tablet blister pack,metformin hydrochloride,"Tablet, modified release",500 mg,Alphapharm Pty Ltd,1800 274 276,Discontinued,,,20/08/2024,Low,Unavailable,Manufacturing,This product is being replaced by Diaformin XR Apharm 500mg 120BL AU (ARTG 232658),26/08/2024
121709,NEO-B12 INJECTION Hydroxocobalamin 1000 microgram/1 mL injection ampoule,hydroxocobalamin chloride,"Injection, solution",1.027 mg,Pfizer Australia Pty Ltd,1800-675-229,Resolved,3/5/2024,10/7/2024,,Low,Available,Transport / Logistic issues / Storage capacity issues,,11/7/2024
121747,PERINDO 2 perindopril erbumine 2mg tablet blister pack,perindopril erbumine,"Tablet, uncoated",2 mg,Servier Laboratories (Aust) Pty Ltd,1800 274 276,Discontinued,,,30/09/2024,Low,Reduction in supply until supply is exhausted,Commercial Changes / Commercial viability,Alternative generic products are available.,26/08/2024
121748,PERINDO 4 perindopril erbumine 4mg tablet blister pack,perindopril erbumine,"Tablet, uncoated",4 mg,Servier Laboratories (Aust) Pty Ltd,1800 274 276,Discontinued,,,28/02/2025,Low,Unavailable,Commercial Changes / Commercial viability,Alternative generic products are available.,26/08/2024
121749,PERINDO 8 perindopril erbumine 8mg tablet blister pack,perindopril erbumine,"Tablet, uncoated",8 mg,Servier Laboratories (Aust) Pty Ltd,1800 274 276,Discontinued,,,28/02/2025,Low,Reduction in supply until supply is exhausted,Commercial Changes / Commercial viability,Alternative generic products are available.,26/08/2024
121788,GLIMEPIRIDE SANDOZ glimepiride 3 mg tablet blister pack,glimepiride,"Tablet, uncoated",3 mg,Sandoz Pty Ltd,1800 726 369,Resolved,14/04/2023,18/07/2024,,Low,Available,Manufacturing,,25/07/2024
12281,LINCOCIN lincomycin 600 mg/2 mL (as hydrochloride) injection vial,lincomycin hydrochloride monohydrate,"Injection, solution",340.26 mg/mL,Pfizer Australia Pty Ltd,1800-675-229,Discontinued,,,1/5/2025,Low,Reduction in supply until supply is exhausted,Commercial Changes / Commercial viability,Alternative generic products are available.,5/9/2024
12300,DEPO-PROVERA medroxyprogesterone acetate 150 mg/mL aqueous suspension injection vial,medroxyprogesterone acetate,"Injection, suspension",150 mg/mL,Pfizer Australia Pty Ltd,1800 675 229,Discontinued,,,2/8/2024,Low,Unavailable,Commercial Changes / Commercial viability,This product will be replaced by an alternative presentation - DEPO-PROVERA medroxyprogesterone acetate 150 mg/1 mL suspension for injection pre-filled syringe (ARTG 401610).,1/8/2024
124087,IPTAM sumatriptan (as succinate) 100mg tablet blister pack,sumatriptan succinate,"Tablet, film coated",140 mg,Alphapharm Pty Ltd,1800274276,Current,18/09/2024,31/10/2024,,Low,Limited Availability,Manufacturing,Alternative generic products are available.,20/09/2024
124732,APO-TOPIRAMATE topiramate 200 mg tablet blister pack,topiramate,"Tablet, film coated",200 mg,Arrotex Pharmaceuticals Pty Ltd,1800 195 055,Anticipated,10/1/2025,21/03/2025,,Low,Available,Manufacturing,,2/10/2024
124940,CHAMPIX varenicline (as tartrate) 0.5 mg and 1.0 mg tablet blister pack,varenicline tartrate~varenicline tartrate,"Tablet, film coated",.85 mg~1.71 mg,Pfizer Australia Pty Ltd,1800 675 229,Current,4/6/2021,31/12/2025,,Medium,Unavailable,Manufacturing,Alternative generic products are available.,30/07/2024
124941,CHAMPIX varenicline (as tartrate) 1.0mg tablet blister pack,varenicline tartrate,"Tablet, film coated",1.71 mg,Pfizer Australia Pty Ltd,1800675229,Current,4/6/2021,31/12/2025,,Medium,Unavailable,Manufacturing,Alternative generic products are available.,30/07/2024
12512,GRISOVIN griseofulvin 125 mg tablet bottle,griseofulvin,"Tablet, uncoated",125 mg,Aspen Pharmacare Australia Pty Ltd,1300659646,Current,26/07/2024,9/10/2024,,Medium,Unavailable,Manufacturing,The sponsor is working to expedite the next shipment.,30/09/2024
12533,VENTOLIN NEBULES salbutamol 2.5mg/2.5mL (as sulfate) inhalation solution ampoule,salbutamol sulfate,Inhalation,1.2 mg/mL,GlaxoSmithKline Australia Pty Ltd,1800 033 109,Resolved,5/9/2024,5/9/2024,,Medium,Available,Manufacturing,,9/9/2024
125434,DOLAPRIL 2 trandolapril 2 mg capsule blister pack,trandolapril,Capsule,2 mg,Arrotex Pharmaceuticals Pty Ltd,1800 195 055,Anticipated,20/09/2024,11/10/2024,,Low,Available,Transport / Logistic issues / Storage capacity issues,The sponsor is working to expedite the next shipment. Alternative generic products are available.,27/05/2024
125455,PERINDOPRIL GENERICHEALTH perindopril erbumine 4mg tablet blister pack,perindopril erbumine,"Tablet, uncoated",4 mg,Lupin Australia Pty Limited,03 9809 7900,Discontinued,,,13/11/2023,Low,Unavailable,Commercial Changes / Commercial viability,,24/11/2023
125456,PERINDOPRIL GENERICHEALTH perindopril erbumine 8mg tablet blister pack,perindopril erbumine,"Tablet, uncoated",8 mg,Lupin Australia Pty Limited,03 9809 7900,Discontinued,,,13/11/2023,Low,Unavailable,Commercial Changes / Commercial viability,,24/11/2023
125878,"MARCAIN 0.25% WITH ADRENALINE 1:400,000 20mL injection vial",bupivacaine hydrochloride~adrenaline (epinephrine) acid tartrate,"Injection, solution",2.5 mg/mL~4.5 microgram/mL,Aspen Pharmacare Australia Pty Ltd,1300659646,Resolved,27/05/2024,5/7/2024,,Low,Available,Manufacturing,,23/07/2024
126157,PROQUAD measles  mumps  rubella  varicella live virus vaccine injection vial with prefilled diluent syringe,water for injections~Mumps virus~Rubella virus~Measles virus~live varicella vaccine,"Injection, diluent for~Injection, powder for",.75 mL~4.3 TCID50~3 TCID50~3 TCID50~3.99 PFU,Merck Sharp & Dohme (Australia) Pty Ltd,1800642865,Current,30/06/2023,1/7/2025,,Low,Unavailable,Commercial Changes / Commercial viability,Alternative products are available.,24/04/2024
126214,MOXICAM meloxicam 7.5 mg tablet blister pack,meloxicam,"Tablet, uncoated",7.5 mg,Alphapharm Pty Ltd,1800274276,Discontinued,,,9/2/2024,Low,Reduction in supply until supply is exhausted,Commercial Changes / Commercial viability,This product is being replaced by MELOXICAM VIATRIS meloxicam 7.5 mg tablet blister pack  ARTG 389282,13/09/2023
126215,MOXICAM meloxicam 15 mg tablet blister pack,meloxicam,"Tablet, uncoated",15 mg,Alphapharm Pty Ltd,1800274276,Discontinued,,,24/11/2023,Low,Reduction in supply until supply is exhausted,Commercial Changes / Commercial viability,This product is being replaced by MELOXICAM VIATRIS meloxicam 15 mg tablet blister pack ARTG 389283,13/09/2023
12643,POVIDONE-IODINE SOLUTION 10%w/v cutaneous solution ampoule,povidoneiodine,Application,100 mg/mL,Bridgewest Perth Pharma Pty Ltd,893620666,Resolved,27/05/2022,30/08/2024,,Low,Available,Manufacturing,,2/9/2024
127174,APO-ZOLPIDEM zolpidem 10mg tablet blister pack,zolpidem tartrate,"Tablet, film coated",10 mg,Arrotex Pharmaceuticals Pty Ltd,1800 195 055,Anticipated,15/11/2024,14/02/2025,,Low,Available,Manufacturing,,2/10/2024
12725,Pfizer (Australia) BUPIVACAINE HYDROCHLORIDE 0.5% (100mg/20mL) injection BP vial,bupivacaine hydrochloride monohydrate,"Injection, solution",105.4 mg,Pfizer Australia Pty Ltd,1800-675-229,Discontinued,,,31/01/2024,Low,Reduction in supply until supply is exhausted,Commercial Changes / Commercial viability,,19/10/2023
128163,LISINOPRIL GENERIC HEALTH lisinopril 20mg tablets blister pack,lisinopril dihydrate,"Tablet, uncoated",21.78 mg,Generic Health Pty Ltd,03 9809 7900,Discontinued,,,14/12/2023,Low,Unavailable,Commercial Changes / Commercial viability,,22/12/2023
128853,RAMIPRIL WINTHROP ramipril 10mg capsule hard blister pack.,ramipril,"Capsule, hard",10 mg,Sanofi-Aventis Australia Pty Ltd,1800818806,Discontinued,,,31/03/2025,Low,Reduction in supply until supply is exhausted,Commercial Changes / Commercial viability,Alternative generic products are available.,26/09/2024
12957,ISORDIL SUBLINGUAL Isosorbide dinitrate 5mg tablet bottle,isosorbide dinitrate,"Tablet, uncoated",5 mg,Arrotex Pharmaceuticals Pty Ltd,1800 195 055,Current,2/10/2024,22/11/2024,,Low,Limited Availability,Manufacturing,The sponsor is working to expedite the next shipment.,2/10/2024
12980,DIBENYLINE phenoxybenzamine hydrochloride 10mg capsule jar,phenoxybenzamine hydrochloride,"Capsule, hard",10 mg,Amdipharm Mercury Australia Pty Ltd,02 9431 6333,Current,1/10/2008,30/06/2025,,Critical,Unavailable,Manufacturing,The sponsor is working to expedite the next shipment. An unregistered product has been approved for supply under Section 19A. See the website: https://www.tga.gov.au/ws-sl9a-index and search for the active ingredient.,7/5/2024
129873,TRYZAN TABS 1.25 ramipril 1.25 mg tablets blister pack,ramipril,"Tablet, uncoated",1.25 mg,Alphapharm Pty Ltd,1800274276,Discontinued,,,15/01/2024,Low,Reduction in supply until supply is exhausted,Manufacturing,This product will be replaced by an alternative product: RAMIPRIL VIATRIS ramipril 1.25 mg tablets blister pack (ARTG 385153),23/01/2024
129916,TRYZAN TABS 2.5 ramipril 2.5 mg tablets blister pack,ramipril,"Tablet, uncoated",2.5 mg,Alphapharm Pty Ltd,1800274276,Discontinued,,,24/06/2024,Low,Reduction in supply until supply is exhausted,Commercial Changes / Commercial viability,This product will be replaced by an alternative product: RAMIPRIL VIATRIS ramipril 2.5 mg tablets blister pack (ARTG 385154),23/01/2024
129918,TRYZAN TABS 5 ramipril 5.0 mg tablets blister pack,ramipril,"Tablet, uncoated",5 mg,Alphapharm Pty Ltd,1800274276,Discontinued,,,30/09/2024,Low,Reduction in supply until supply is exhausted,Commercial Changes / Commercial viability,This product is being replaced by an alternative product: RAMIPRIL VIATRIS ramipril 5 mg tablets blister pack ARTG 385155,6/8/2024
129921,TRYZAN TABS 10 ramipril 10 mg tablets blister pack,ramipril,"Tablet, uncoated",10 mg,Alphapharm Pty Ltd,1800274276,Discontinued,,,31/08/2024,Low,Reduction in supply until supply is exhausted,Commercial Changes / Commercial viability,This product is being replaced by an alternative product: RAMIPRIL VIATRIS ramipril 10 mg tablets blister pack ARTG 385152,6/8/2024
130229,ZOSTAVAX zoster virus vaccine live min 19400 PFU/0.65mL powder for injection vial with pre-filled diluent syringe,live varicella vaccine,"Injection, powder for",19400 PFU,Merck Sharp & Dohme (Australia) Pty Ltd,1800642865,Discontinued,,,31/10/2023,Low,Unavailable,Commercial Changes / Commercial viability,Suitable alternatives are available.,7/11/2023
130301,TECHNELITE Molybdenum(99Mo)/Technetium(99mTc) sterile Generator for production of Sodium pertechnetate(99mTc) injection multidose vial,sodium pertechnetate(99mTc),"Injection, solution",18.5 GBq,Global Medical Solutions Australia Pty Limited,95038100,Current,30/11/2020,31/12/2026,,Medium,Unavailable,Manufacturing,An unregistered product has been approved for supply under Section 19A. See the website: https://www.tga.gov.au/ws-s19a-index and search for the active ingredient.,29/07/2024
130714,INVEGA paliperidone 6mg modified release tablet blister pack,paliperidone,"Tablet, modified release",6 mg,Janssen-Cilag Pty Ltd,1800226334,Resolved,24/06/2024,25/07/2024,,Medium,Available,Manufacturing,,29/07/2024
131298,DILTIAZEM SANDOZ CD diltiazem hydrochloride 180mg capsule bottle,diltiazem hydrochloride,"Capsule, modified release",180 mg,Sanofi-Aventis Australia Pty Ltd,1800818806,Discontinued,,,11/6/2024,Low,Reduction in supply until supply is exhausted,Manufacturing,Alternative generic products are available.,12/6/2024
131300,DILTIAZEM SANDOZ CD diltiazem hydrochloride 240mg capsule bottle,diltiazem hydrochloride,"Capsule, modified release",240 mg,Sanofi-Aventis Australia Pty Ltd,1800818806,Discontinued,,,11/6/2024,Low,Reduction in supply until supply is exhausted,Manufacturing,Alternative generic products are available.,12/6/2024
131304,DILTIAZEM SANDOZ CD diltiazem hydrochloride 360mg capsule bottle (unprinted),diltiazem hydrochloride,"Capsule, modified release",360 mg,Sanofi-Aventis Australia Pty Ltd,1800818806,Discontinued,,,11/6/2024,Low,Reduction in supply until supply is exhausted,Manufacturing,Alternative generic products are available.,12/6/2024
131721,PAINSTOP DAY-TIME PAIN RELIEVER oral liquid bottle (reformulation),paracetamol~codeine phosphate hemihydrate,Oral Liquid,24 mg/mL~1 mg/mL,Care Pharmaceuticals Pty Ltd,1800788870,Discontinued,,,30/04/2024,Medium,Reduction in supply until supply is exhausted,Commercial Changes / Commercial viability,,30/10/2023
131782,ASPEN ADRENALINE  adrenaline (epinephrine) 1 mg/1 mL injection solution ampoule,adrenaline (epinephrine),"Injection, solution",1 mg,Aspen Pharmacare Australia Pty Ltd,1300659646,Current,1/8/2024,4/10/2024,,Critical,Limited Availability,Manufacturing,The sponsor is working to expedite the next shipment. An alternative generic product is available.,24/09/2024
132251,ARX MORPHINE MR morphine sulfate pentahydrate 10 mg modified release  tablet blister packs,morphine sulfate pentahydrate,"Tablet, modified release",10 mg,Southern Cross Pharma Pty Ltd,03 9809 7900,Current,10/5/2022,31/10/2024,,Low,Unavailable,Manufacturing,Alternative brands are available,4/7/2024
132254,ARX MORPHINE MR morphine sulfate pentahydrate 30 mg modified release  tablet blister packs,morphine sulfate pentahydrate,"Tablet, modified release",30 mg,Southern Cross Pharma Pty Ltd,03 9809 7900,Current,18/11/2022,31/10/2024,,Low,Unavailable,Manufacturing,An alternative brand is available.,4/7/2024
132256,ARX MORPHINE MR morphine sulfate pentahydrate 60 mg modified release  tablet blister packs,morphine sulfate pentahydrate,"Tablet, modified release",60 mg,Southern Cross Pharma Pty Ltd,39897900,Current,14/02/2023,31/10/2024,,Low,Unavailable,Manufacturing,An alternative brand is available.,4/7/2024
132258,ARX MORPHINE MR morphine sulfate pentahydrate 100 mg modified release tablet blister packs,morphine sulfate pentahydrate,"Tablet, modified release",100 mg,Southern Cross Pharma Pty Ltd,03 9809 7900,Current,19/04/2023,31/10/2024,,Low,Unavailable,Manufacturing,An anlternative brand is available.,4/7/2024
133159,NORDIP amlodipine (as besilate) 5mg tablet blister pack,amlodipine besilate,"Tablet, uncoated",6.94 mg,Alphapharm Pty Ltd,1800274276,Resolved,13/05/2024,27/08/2024,,Low,Available,Manufacturing,,28/08/2024
133182,JANUVIA sitagliptin 100mg (as phosphate monohydrate) tablet blister pack,sitagliptin phosphate monohydrate,"Tablet, film coated",128.5 mg,Merck Sharp & Dohme (Australia) Pty Ltd,289888000,Discontinued,,,31/01/2024,Low,Reduction in supply until supply is exhausted,Manufacturing,This product will be replaced with an alternative ARTG product - JANUVIA sitagliptin 100 mg (as phosphate monohydrate) tablet blister pack AUST R 408435,22/08/2023
133187,JANUVIA sitagliptin 50mg (as phosphate monohydrate) tablet blister pack,sitagliptin phosphate monohydrate,"Tablet, film coated",64.25 mg,Merck Sharp & Dohme (Australia) Pty Ltd,289888000,Discontinued,,,31/01/2024,Low,Reduction in supply until supply is exhausted,Manufacturing,This product will be replaced with an alternative ARTG product - JANUVIA sitagliptin 50 mg (as phosphate monohydrate) tablet blister pack AUST R 408436,22/08/2023
133188,JANUVIA sitagliptin 25mg (as phosphate monohydrate) tablet blister pack,sitagliptin phosphate monohydrate,"Tablet, film coated",32.13 mg,Merck Sharp & Dohme (Australia) Pty Ltd,289888000,Discontinued,,,31/01/2024,Low,Reduction in supply until supply is exhausted,Manufacturing,This product will be replaced with an alternative ARTG product - JANUVIA sitagliptin 25 mg (as phosphate monohydrate) tablet blister pack AUST R 408437,22/08/2023
133201,QUINAPRIL GENERIC HEALTH quinapril 20mg (as hydrochloride) tablets blister pack,quinapril hydrochloride,"Tablet, film coated",21.664 mg,Generic Health Pty Ltd,03 9809 7922,Discontinued,,,15/12/2023,Low,Unavailable,Manufacturing,,18/01/2023
133813,REBIF interferon beta-1a (rch) 44 microgram/0.5mL injection pre-filled syringe,Interferon beta1a,"Injection, solution",88 microgram/mL,Merck Healthcare Pty Ltd,1800 257 348,Discontinued,,,1/11/2023,Low,Reduction in supply until supply is exhausted,Commercial Changes / Commercial viability,,9/5/2023
134398,ERAXIS anidulafungin 100 mg powder for injection vial,anidulafungin,"Injection, powder for",100 mg,Pfizer Australia Pty Ltd,1800-675-229,Current,3/9/2024,31/03/2025,,Medium,Limited Availability,Manufacturing,The sponsor is closely controlling the supply and working to expedite the next shipment.,5/9/2024
13455,ISONIAZID 100mg tablet bottle,isoniazid,"Tablet, uncoated",100 mg,Arrotex Pharmaceuticals Pty Ltd,1800 195 055,Resolved,31/05/2024,27/09/2024,,Critical,Available,Manufacturing,,2/10/2024
134664,ACLASTA zoledronic acid 5mg/100mL injection solution vial,zoledronic acid monohydrate,"Injection, solution",5.33 mg,Sandoz Pty Ltd,1800 726 369,Resolved,15/12/2023,18/07/2024,,Medium,Available,Manufacturing,,24/07/2024
134665,OSTEOVAN zoledronic acid 5mg/100mL injection solution vial,zoledronic acid monohydrate,"Injection, solution",5.33 mg,Sandoz Pty Ltd,1800 726 369,Resolved,17/11/2023,18/07/2024,,Medium,Available,Manufacturing,,5/8/2024
134702,FONAT alendronic acid 70mg tablet blister pack,alendronate sodium,Tablet,91.37 mg,Alphapharm Pty Ltd,1800274276,Resolved,11/1/2024,19/08/2024,,Low,Available,Manufacturing,,20/08/2024
13539,SOFRADEX EAR DROPS dexamethasone (as sodium metasulfobenzoate) framycetin sulfate gramicidin 8 mL bottle,framycetin sulfate~dexamethasone~gramicidin,Ear Drops,5 mg/mL~.5 mg/mL~.05 mg/mL,Pharmaco Australia Ltd,1800201564,Current,27/03/2024,31/07/2025,,Medium,Limited Availability,Manufacturing,The sponsor is closely controlling the supply. Sponsor is working to expedite the next shipment.Alternative generic products are available.,27/09/2024
135540,FLUDARABINE EBEWE fludarabine phosphate 50 mg / 2 mL concentrated injection vial,fludarabine phosphate,"Injection, concentrated",50 mg,Sandoz Pty Ltd,1800 726 369,Current,7/3/2024,3/2/2025,,Low,Unavailable,Manufacturing,Alternative generic products are available.,4/9/2024
135652,APO-CIPROFLOXACIN ciprofloxacin 750mg (as hydrochloride) tablet blister pack,ciprofloxacin hydrochloride,"Tablet, film coated",832.5 mg,Arrotex Pharmaceuticals Pty Ltd,1800 195 055,Anticipated,25/10/2024,22/11/2024,,Low,Available,Manufacturing,Alternative brands are available,2/10/2024
13721,EFUDIX fluorouracil 5%w/w cream tube,fluorouracil,Cream,50 mg/g,iNova Pharmaceuticals (Australia) Pty Ltd,1800 630 056,Resolved,26/07/2024,4/8/2024,,Medium,Available,Manufacturing,,7/8/2024
139728,GLYADE MR gliclazide 30mg tablet blister pack,gliclazide,"Tablet, modified release",30 mg,Servier Laboratories (Aust) Pty Ltd,1800 274 276,Discontinued,,,21/12/2023,Medium,Reduction in supply until supply is exhausted,Commercial Changes / Commercial viability,Alternative generic products are available.,15/12/2023
140104,AMLODIPINE GH amlodipine 5 mg (as besilate) tablet blister pack,amlodipine besilate,"Tablet, uncoated",6.9335 mg,Generic Health Pty Ltd,03 9809 7914,Resolved,11/4/2024,21/06/2024,,Low,Available,Manufacturing,,3/7/2024
140509,KALETRA lopinavir 100 mg and ritonavir 25 mg tablets bottle,lopinavir~ritonavir,"Tablet, film coated",100 mg~25 mg,Abbvie Pty Ltd,1800043460,Discontinued,,,30/11/2024,Low,Reduction in supply until supply is exhausted,Commercial Changes / Commercial viability,,25/05/2023
140610,CIPLA PAIN RELIEF PARACETAMOL + CODEINE with CALMATIVE tablet blister pack,paracetamol~codeine phosphate hemihydrate~doxylamine succinate,"Tablet, uncoated",500 mg~10 mg~5.1 mg,Cipla Australia Pty Ltd,396964413,Discontinued,,,31/05/2024,Low,Reduction in supply until supply is exhausted,Commercial Changes / Commercial viability,Alternative generic products are available.,17/01/2024
142075,GLAUMOX acetazolamide (as sodium) 500 mg powder for injection vial,acetazolamide sodium,"Injection, powder for",549.5 mg,Phebra Pty Ltd,1800 720 020,Current,30/03/2023,28/02/2025,,Low,Unavailable,Manufacturing,"Unregistered products have been approved for supply under Section 19A. The approval holder, Phebra Pty Ltd can be contacted on: 1800 720 020 for details on supply.",15/03/2024
142239,CLOPINE SUSPENSION clozapine 50 mg/mL oral liquid bottle,clozapine,"Oral Liquid, suspension",50 mg/mL,Pfizer Australia Pty Ltd,1800 675 229,Current,1/5/2018,31/01/2025,,Medium,Unavailable,Manufacturing,An unregistered product has been approved for supply under Section 19A. See the website: https://www.tga.gov.au/ws-s19a-index and search for the active ingredient.,23/09/2021
143172,TEVETEN PLUS 600/12.5 eprosartan 600mg/hydrochlorothiazide 12.5mg tablet blister pack,eprosartan mesilate~hydrochlorothiazide,"Tablet, film coated",735.8 mg~12.5 mg,Viatris Pty Ltd,1800 314 527,Discontinued,,,7/8/2024,Low,Unavailable,Manufacturing,,13/08/2024
14326,RADPHARM DMSA kit for the production of Technetium (99mTc) succimer powder for injection multidose vial,succimer,"Injection, powder for",1 mg,Global Medical Solutions Australia Pty Limited T/A Radpharm Scientific,9503 8100,Current,1/1/2013,31/12/2026,,Medium,Unavailable,Manufacturing,An unregistered product has been approved for supply under Section 19A. See the website: https://www.tga.gov.au/ws-s19a-index and search for the active ingredient.,3/1/2024
14327,RADPHARM DTPA kit for production of Technetium (99mTc) pentetate powder for injection multidose vial,pentetic acid,"Injection, powder for",5 mg,Global Medical Solutions Australia Pty Limited T/A Radpharm Scientific,95038100,Anticipated,6/10/2024,31/01/2025,,Medium,Available,Manufacturing,The sponsor is closely controlling the supply. Sponsor is working to expedite the next shipment.,13/09/2024
14328,RADPHARM PYP kit for the preparation of Technetium (99mTc) tin pyrophosphate powder for injection multidose vial,sodium pyrophosphate,"Injection, powder for",30 mg,Global Medical Solutions Australia Pty Limited T/A Radpharm Scientific,95038100,Current,26/09/2024,31/01/2025,,Critical,Limited Availability,Manufacturing,The sponsor is closely controlling the supply and working to expedite the next shipment.,30/09/2024
14330,RADPHARM MDP kit for the production of Technetium (99mTc) medronate powder for injection multidose vial,medronic acid,"Injection, powder for",10 mg,Global Medical Solutions Australia Pty Limited T/A Radpharm Scientific,95038100,Anticipated,1/10/2024,31/01/2025,,Low,Available,Manufacturing,Alternative generic products are available.,16/09/2024
14332,RADPHARM COLLOID kit for the preparation of Technetium(99mTc) calcium phytate injection composite pack,fytic acid~calcium chloride dihydrate~potassium hydrogen phthalate,"Injection, powder for~Injection, solution",23.4 mg~13.68 mg/mL~5 mg/mL,Global Medical Solutions Australia Pty Limited T/A Radpharm Scientific,02 9503 8100,Current,19/10/2016,31/12/2026,,Critical,Unavailable,Commercial Changes / Commercial viability,An unregistered product has been approved for supply under Section 19A. Please contact the approval holder for details on supply: Global Medical Solutions Australia Pty Limited T/A Radpharm Scientific - Ph: 02 9503 8100,2/1/2024
143533,ENLAFAX-XR venlafaxine 75mg modified release capsule blister pack,venlafaxine,"Capsule, modified release",75 mg,Alphapharm Pty Ltd,1800274276,Current,6/9/2024,31/12/2024,,Low,Limited Availability,Manufacturing,The sponsor is closely controlling the supply. Alternative generic products are available.,20/09/2024
143552,ENLAFAX-XR venlafaxine 150mg modified release capsule blister pack,venlafaxine,"Capsule, modified release",150 mg,Alphapharm Pty Ltd,1800274276,Current,18/09/2024,31/12/2024,,Low,Limited Availability,Manufacturing,The sponsor is closely controlling the supply. Alternative generic products are available.,20/09/2024
143636,ZYPREXA RELPREVV olanzapine (as pamoate monohydrate) 405mg powder for injection vial with diluent vial,olanzapine pamoate monohydrate,"Injection, powder for",931 mg,Pharmaco Australia Ltd,1800201564,Current,5/10/2023,30/11/2024,,Medium,Unavailable,Transport / Logistic issues / Storage capacity issues,The sponsor is working to expedite the next shipment.,23/09/2024
143657,ZYPREXA RELPREVV olanzapine (as pamoate monohydrate) 300mg powder for injection vial with diluent vial,olanzapine pamoate monohydrate,"Injection, powder for",690 mg,Pharmaco Australia Ltd,1800201564,Current,5/10/2023,30/11/2024,,Medium,Limited Availability,Transport / Logistic issues / Storage capacity issues,The sponsor is working to expedite the next shipment.,23/09/2024
143658,ZYPREXA RELPREVV olanzapine (as pamoate monohydrate) 210mg powder for injection vial with diluent vial,olanzapine pamoate monohydrate,"Injection, powder for",483 mg,Pharmaco Australia Ltd,1800201564,Current,5/10/2023,30/11/2024,,Medium,Limited Availability,Transport / Logistic issues / Storage capacity issues,The sponsor is working to expedite the next shipment.,23/09/2024
143880,FENPATCH 12 fentanyl 12 mcg/hr transdermal patch pouch,fentanyl,"Drug delivery system, transdermal",2.063 mg,Medis Pharma Pty Ltd,+61 2 9251 1088,Discontinued,,,2/9/2024,Low,Unavailable,Commercial Changes / Commercial viability,Alternative generic products are available.,9/9/2024
143895,FENPATCH 50 fentanyl 50 mcg/hr transdermal patch pouch,fentanyl,"Drug delivery system, transdermal",8.25 mg,Medis Pharma Pty Ltd,+61 2 9251 1088,Discontinued,,,2/9/2024,Low,Unavailable,Commercial Changes / Commercial viability,Alternative generic products are available.,9/9/2024
143904,FENPATCH 75 fentanyl 75 mcg/hr transdermal patch pouch,fentanyl,"Drug delivery system, transdermal",12.375 mg,Medis Pharma Pty Ltd,+61 2 9251 1088,Discontinued,,,5/12/2023,Low,Unavailable,Commercial Changes / Commercial viability,Alternative generic products are available.,9/9/2024
144524,KETORAL ketorolac trometamol 30mg/1mL injection syringe,ketorolac trometamol,"Injection, solution",30 mg,Alphapharm Pty Ltd,1800274276,Discontinued,,,28/10/2024,Low,Reduction in supply until supply is exhausted,Commercial Changes / Commercial viability,Alternative generic products are available.,7/8/2024
14466,DIPENTUM olsalazine sodium 250mg capsule bottle,olsalazine sodium,Capsule,250 mg,Atnahs Pharma Australia Pty Ltd,1800 899 005,Current,4/2/2021,31/10/2024,,Low,Unavailable,Manufacturing,,30/10/2023
144970,TAZOPIP 4 g/0.5 g piperacillin (as sodium) 4 g and tazobactam (as sodium) 0.5 g powder for injection vial,tazobactam sodium~piperacillin sodium,"Injection, powder for",.54 g~4.2 g,Alphapharm Pty Ltd,1800 274 276,Current,3/2/2023,31/12/2024,,Critical,Unavailable,Unexpected increase in consumer demand,Other brands are available.,11/8/2023
14635,HUMULIN R insulin 100IU/mL injection vial,insulin,"Injection, solution",100 IU/mL,Eli Lilly Australia Pty Ltd,1800454559,Resolved,3/6/2024,2/8/2024,,Low,Available,Manufacturing,,13/08/2024
14653,PROZAC 20 fluoxetine 20mg (as hydrochloride) capsule blister pack,fluoxetine hydrochloride,"Capsule, hard",22.36 mg,Eli Lilly Australia Pty Ltd,1800454559,Current,7/5/2024,1/6/2025,,Low,Unavailable,Manufacturing,,14/05/2024
146979,CURAM 125/31.25 amoxicillin (as trihydrate) 125mg/5mL clavulanic acid (as potassium clavulanate) 31.25mg/5mL powder for suspension bottle,potassium clavulanate~amoxicillin trihydrate,"Suspension, powder for",7.45 mg/mL~28.7 mg/mL,Sandoz Pty Ltd,1800 726 369,Current,27/10/2023,1/11/2024,,Low,Limited Availability,Manufacturing,An unregistered product has been approved for supply under Section 19A. See the website: https://www.tga.gov.au/ws-sl9a-index and search for the active ingredient.,10/7/2024
147377,PANTOPRAZOLE SANDOZ pantoprazole (as sodium sesquihydrate) 40 mg powder for injection vial,pantoprazole sodium sesquihydrate,"Injection, powder for",45.12 mg,Sandoz Pty Ltd,1800 726 369,Current,22/08/2024,29/11/2024,,Low,Unavailable,Manufacturing,Alternative generic products are available.,30/08/2024
147842,"NOVICRIT epoetin lambda (rch) 10,000 IU/1.0 mL solution for injection syringe",Epoetin lambda,"Injection, solution",10000 IU,Sandoz Pty Ltd,1800 726 369,Resolved,15/08/2024,12/9/2024,,Low,Available,Manufacturing,,19/09/2024
148402,OCTREOTIDE GH octreotide as acetate 100 micrograms/1 mL injection ampoule,octreotide,"Injection, solution",100 microgram,Generic Health Pty Ltd,03 9809 7936,Current,19/12/2023,31/05/2025,,Medium,Limited Availability,Manufacturing,An unregistered product has been approved for supply under Section 19A. See the website: https://www.tga.gov.au/ws-sl9a-index and search for the active ingredient.,27/09/2024
148403,OCTREOTIDE GH octreotide as acetate 500 micrograms/1 mL injection ampoule,octreotide,"Injection, solution",500 microgram,Generic Health Pty Ltd,03 9809 7936,Current,25/03/2024,31/05/2025,,Medium,Unavailable,Manufacturing,An unregistered product has been approved for supply under Section 19A. See the website: https://www.tga.gov.au/ws-sl9a-index and search for the active ingredient.,27/09/2024
148404,OCTREOTIDE GH octreotide as acetate 50 micrograms/1 mL injection ampoule,octreotide,"Injection, solution",50 microgram,Generic Health Pty Ltd,03 9809 7922,Current,6/5/2024,31/05/2024,,Medium,Unavailable,Manufacturing,An unregistered product has been approved for supply under Section 19A. See the website: https://www.tga.gov.au/ws-sl9a-index and search for the active ingredient.,27/09/2024
148474,"OLANZAPINE SANDOZ olanzapine 7.5mg film coated tablet, blister pack",olanzapine,"Tablet, film coated",7.5 mg,Sandoz Pty Ltd,1800 726 369,Resolved,14/08/2023,4/7/2024,,Low,Available,Manufacturing,,9/7/2024
148964,OZIDAL risperidone 0.5mg tablet blister pack,risperidone,Tablet,.5 mg,Sun Pharma ANZ Pty Ltd,298872600,Resolved,27/06/2024,10/9/2024,,Low,Available,Manufacturing,,10/9/2024
148967,OZIDAL risperidone 1mg tablet blister pack,risperidone,Tablet,1 mg,Sun Pharma ANZ Pty Ltd,298872600,Resolved,27/06/2024,10/9/2024,,Low,Available,Manufacturing,,10/9/2024
150219,ORDINE morphine hydrochloride trihydrate 1mg/mL oral solution bottle,morphine hydrochloride trihydrate,"Oral Liquid, solution",1 mg/mL,Arrotex Pharmaceuticals Pty Ltd,1800195055,Current,9/2/2024,11/10/2024,,Medium,Unavailable,Commercial Changes / Commercial viability,An unregistered product has been approved for supply under Section 19A. See the TGA web alert: https://www.tga.gov.au/safety/shortages/information-about-major-medicine-shortages/about-shortage-ordine-morphine-oral-liquid,19/08/2024
150220,ORDINE morphine hydrochloride trihydrate 2mg/mL oral solution bottle,morphine hydrochloride trihydrate,"Oral Liquid, solution",2 mg/mL,Arrotex Pharmaceuticals Pty Ltd,1800195055,Current,7/3/2024,6/12/2024,,Medium,Unavailable,Commercial Changes / Commercial viability,Unregistered products have been approved for supply under Section 19A. See the TGA web alert: https://www.tga.gov.au/safety/shortages/information-about-major-medicine-shortages/about-shortage-ordine-morphine-oral-liquid,12/9/2024
150221,ORDINE morphine hydrochloride trihydrate 5mg/mL oral solution bottle,morphine hydrochloride trihydrate,"Oral Liquid, solution",5 mg/mL,Arrotex Pharmaceuticals Pty Ltd,1800195055,Current,22/03/2024,6/12/2024,,Medium,Unavailable,Commercial Changes / Commercial viability,Unregistered products have been approved for supply under Section 19A. See the TGA web alert: https://www.tga.gov.au/safety/shortages/information-about-major-medicine-shortages/about-shortage-ordine-morphine-oral-liquid,12/9/2024
150222,ORDINE morphine hydrochloride trihydrate 10mg/mL oral solution bottle,morphine hydrochloride trihydrate,"Oral Liquid, solution",10 mg/mL,Arrotex Pharmaceuticals Pty Ltd,1800195055,Current,12/4/2024,6/12/2024,,Medium,Unavailable,Commercial Changes / Commercial viability,Unregistered products have been approved for supply under Section 19A. See the TGA web alert: https://www.tga.gov.au/safety/shortages/information-about-major-medicine-shortages/about-shortage-ordine-morphine-oral-liquid,12/9/2024
150470,CLOPIDOGREL WINTHROP PLUS ASPIRIN 75 mg/100 mg clopidogrel (as hydrogen sulfate)/aspirin tablet blister pack,clopidogrel hydrogen sulfate~aspirin,"Tablet, film coated",97.875 mg~100 mg,Sanofi-Aventis Australia Pty Ltd,1800818806,Discontinued,,,18/11/2024,Low,Unavailable,Commercial Changes / Commercial viability,Alternative brands available,29/05/2024
15126,ARTANE 5mg trihexyphenidyl (benzhexol) hydrochloride 5mg tablet bottle,trihexyphenidyl (benzhexol) hydrochloride,"Tablet, uncoated",5 mg,Arrotex Pharmaceuticals Pty Ltd,1800 195 055,Resolved,16/08/2024,16/08/2024,,Low,Available,Manufacturing,,28/08/2024
151303,APO-GLICLAZIDE MR 30mg tablets blister pack,gliclazide,"Tablet, modified release",30 mg,Arrotex Pharmaceuticals Pty Ltd,1800 195 055,Anticipated,29/11/2024,21/02/2025,,Low,Available,Manufacturing,Alternative generic products are available.,2/10/2024
15394,TEMGESIC buprenorphine 300microgram/1mL (as hydrochloride) injection ampoule,buprenorphine hydrochloride,"Injection, solution",324 microgram/mL,Echo Therapeutics Pty Ltd,1300 848 328,Current,16/08/2021,30/04/2025,,Medium,Unavailable,Manufacturing,Other strengths are available.,27/09/2024
15417,METHOBLASTIN methotrexate 10mg tablet bottle,methotrexate,"Tablet, uncoated",10 mg,Pfizer Australia Pty Ltd,1800-675-229,Discontinued,,,1/11/2024,Critical,Reduction in supply until supply is exhausted,Commercial Changes / Commercial viability,Product will be replaced by METHOBLASTIN methotrexate (as sodium) 10 mg tablet blister pack ARTG 410933.,18/06/2024
154398,CEFTAZIDIME VIATRIS ceftazidime 1g (as pentahydrate) powder for injection vial,ceftazidime pentahydrate,"Injection, powder for",1.164 g,Alphapharm Pty Ltd,1800274276,Resolved,9/4/2024,9/7/2024,,Low,Available,Manufacturing,,10/7/2024
155842,ONDANSETRON VIATRIS ondansetron (as hydrochloride dihydrate) 4 mg/2 mL solution for injection ampoule,ondansetron hydrochloride dihydrate,"Injection, solution",5 mg,Alphapharm Pty Ltd,1800274276,Resolved,28/05/2024,2/9/2024,,Low,Available,Manufacturing,,3/9/2024
155843,ONDANSETRON VIATRIS ondansetron (as hydrochloride dihydrate) 8 mg/4 mL solution for injection ampoule,ondansetron hydrochloride dihydrate,"Injection, solution",10 mg,Alphapharm Pty Ltd,1800274276,Resolved,10/4/2024,28/08/2024,,Low,Available,Manufacturing,,28/08/2024
156103,GAPENTIN gabapentin 800 mg tablet blister pack,gabapentin,"Tablet, film coated",800 mg,Arrow Pharma Pty Ltd,384193417,Discontinued,,,26/04/2024,Low,Reduction in supply until supply is exhausted,Commercial Changes / Commercial viability,Alternative generic products are available.,26/04/2024
156106,GAPENTIN gabapentin 600 mg tablet blister pack,gabapentin,"Tablet, film coated",600 mg,Arrotex Pharmaceuticals Pty Ltd,1800 195 055,Resolved,13/09/2024,13/09/2024,,Low,Available,Manufacturing,,16/09/2024
156108,PHARMACOR GABAPENTIN 800 gabapentin 800 mg tablet blister pack,gabapentin,"Tablet, film coated",800 mg,Pharmacor Pty Ltd,1300138805,Current,16/10/2023,1/1/2025,,Low,Unavailable,Manufacturing,Alternative generic products are available.,10/9/2024
157849,GRISOVIN griseofulvin 500 mg tablet blister pack,griseofulvin,Tablet,500 mg,Aspen Pharmacare Australia Pty Ltd,1300659646,Resolved,21/05/2024,29/08/2024,,Medium,Available,Manufacturing,,30/08/2024
157860,OLANZAPINE RBX olanzapine 7.5 mg tablet blister pack,olanzapine,"Tablet, uncoated",7.5 mg,Sun Pharma ANZ Pty Ltd,298872600,Resolved,1/11/2023,29/07/2024,,Low,Available,Manufacturing,,31/07/2024
157932,GALANTYL galantamine (as hydrobromide) 16 mg modified release capsule blister pack,galantamine hydrobromide,"Capsule, modified release",20.512 mg,Alphapharm Pty Ltd,1800274276,Resolved,14/11/2023,6/9/2024,,Low,Available,Manufacturing,,9/9/2024
158210,IBUDEINE tablet blister pack,codeine phosphate hemihydrate~ibuprofen,"Tablet, film coated",12.8 mg~200 mg,Arrotex Pharmaceuticals Pty Ltd,1800 195 055,Current,12/7/2024,14/02/2025,,Low,Unavailable,Transport / Logistic issues / Storage capacity issues,Alternative generic products are available.,17/09/2024
158415,PROCALM prochlorperazine maleate 5 mg tablet blister pack,prochlorperazine maleate,Tablet,5 mg,Arrotex Pharmaceuticals Pty Ltd,1800 195 055,Resolved,2/8/2024,2/8/2024,,Low,Available,Manufacturing,,7/8/2024
158416,APO-PROCHLORPERAZINE prochlorperazine maleate 5 mg tablet blister pack,prochlorperazine maleate,Tablet,5 mg,Apotex Pty Ltd,1800195055,Resolved,3/3/2023,2/8/2024,,Medium,Available,Manufacturing,,6/8/2024
158453,"CREON 10,000 pancreatic extract 150 mg capsule bottle",Pancreatic extract,"Capsule, enteric",150 mg,Viatris Pty Ltd,1800 314 527,Current,9/9/2024,31/10/2024,,Critical,Limited Availability,Unexpected increase in consumer demand,The sponsor is closely controlling the supply and expediting the next shipment.,13/09/2024
158898,SYMBICORT RAPIHALER budesonide / formoterol fumarate dihydrate 50/3 pressurised metered dose inhaler,formoterol fumarate dihydrate~budesonide,"Inhalation, pressurised",2.25 microgram~40 microgram,AstraZeneca Pty Ltd,1800805342,Discontinued,,,31/08/2024,Medium,Unavailable,Commercial Changes / Commercial viability,,20/06/2024
158986,APO-OLANZAPINE ODT olanzapine 20 mg orally disintegrating tablet blister pack,olanzapine,"Tablet, orally disintegrating",20 mg,Arrotex Pharmaceuticals Pty Ltd,1800 195 055,Anticipated,10/1/2025,31/01/2025,,Low,Available,Manufacturing,Alternative generic products are available.,12/9/2024
159338,FLAMAZINE silver sulfadiazine 1.0% w/w cream jar,silver sulfadiazine,Cream,10 mg/g,Smith & Nephew Pty Ltd,02 9857 3999,Current,31/01/2024,31/10/2024,,Critical,Unavailable,Manufacturing,,2/10/2024
159342,FLAMAZINE silver sulfadiazine 1.0% w/w cream tube,silver sulfadiazine,Cream,10 mg/g,Smith & Nephew Pty Ltd,02 9857 3999,Current,31/01/2024,31/10/2024,,Critical,Limited Availability,Manufacturing,,2/10/2024
159968,RISPA risperidone 3 mg film-coated tablet blister pack,risperidone,"Tablet, film coated",3 mg,Arrotex Pharmaceuticals Pty Ltd,1800195055,Current,14/12/2023,21/03/2025,,Low,Unavailable,Manufacturing,Alternative generic products are available.,25/07/2024
159970,RISPA risperidone 4 mg film-coated tablet blister pack,risperidone,"Tablet, film coated",4 mg,Arrotex Pharmaceuticals Pty Ltd,1800 195 055,Anticipated,29/11/2024,20/06/2025,,Low,Available,Manufacturing,Alternative generic products are available.,2/10/2024
159973,RISPA risperidone 1 mg film-coated tablet blister pack,risperidone,"Tablet, film coated",1 mg,Arrotex Pharmaceuticals Pty Ltd,1800195055,Current,14/12/2023,20/09/2024,,Low,Unavailable,Manufacturing,Alternative generic products are available.,25/07/2024
159976,RISPA  risperidone 2 mg film-coated tablet blister pack,risperidone,"Tablet, film coated",2 mg,Arrotex Pharmaceuticals Pty Ltd,1800195055,Current,5/1/2024,21/03/2025,,Low,Unavailable,Manufacturing,Alternative generic products are available.,25/07/2024
160106,NIVESTIM filgrastim (rbe) 120microgram/0.2mL injection solution pre-filled syringe,Filgrastim,"Injection, solution",120 microgram,Pfizer Australia Pty Ltd,1800 675 229,Resolved,16/08/2024,19/09/2024,,Critical,Available,Transport / Logistic issues / Storage capacity issues,,20/09/2024
160107,NIVESTIM filgrastim (rbe) 480microgram/0.5mL injection solution pre-filled syringe,Filgrastim,"Injection, solution",480 microgram,Pfizer Australia Pty Ltd,1800 675 229,Resolved,16/08/2024,19/09/2024,,Critical,Available,Transport / Logistic issues / Storage capacity issues,,20/09/2024
160206,MIDAZOLAM VIATRIS 5 mg/5 mL midazolam solution for injection ampoule,midazolam,"Injection, solution",5 mg,Alphapharm Pty Ltd,1800274276,Current,25/09/2024,30/10/2024,,Low,Limited Availability,Manufacturing,Alternative generic products are available. The sponsor is closely controlling the supply.,27/09/2024
160207,MIDAZOLAM VIATRIS 5mg/1mL midazolam solution for injection ampoule,midazolam,"Injection, solution",5 mg,Alphapharm Pty Ltd,1800274276,Resolved,19/06/2024,9/7/2024,,Low,Available,Manufacturing,,10/7/2024
160732,RADPHARM HDP sodium oxidronate 3.15 mg kit for the preparation of technetium (99m Tc) oxidronate for injection,sodium oxidronate,"Injection, powder for",3.15 mg,Global Medical Solutions Australia Pty Limited T/A Radpharm Scientific,95038100,Current,6/5/2024,31/12/2026,,Medium,Unavailable,Manufacturing,Unregistered products have been approved for supply under Section 19A. See the website https://www.tga.gov.au/resources/section-19a-approvals and search for the active ingredient.,18/07/2024
161298,ALBEY BEE VENOM honey bee venom 550 microgram powder for injection vial with 4 vials of Albumin saline diluent,honey bee venom,"Injection, powder for",550 microgram,Stallergenes Australia Pty Ltd,1800 824 166,Current,1/4/2017,31/05/2025,,Critical,Unavailable,Manufacturing,An unregistered product has been approved for supply under Section 19A. See the website: https://www.tga.gov.au/ws-s19a-index and search for the active ingredient,29/03/2023
161984,MENOPUR gonadotrophin - human menopausal 600IU multidose powder for injection vial with diluent syringe,human menopausal gonadotrophin,"Injection, powder for",600 IU,Ferring Pharmaceuticals Pty Ltd,1800337746,Current,20/10/2022,28/02/2025,,Medium,Limited Availability,Manufacturing,The sponsor is closely controlling the supply.,8/7/2024
161985,MENOPUR gonadotrophin - human menopausal 1200IU multidose powder for injection vial with diluent syringe,human menopausal gonadotrophin,"Injection, powder for",1200 IU,Ferring Pharmaceuticals Pty Ltd,1800337746,Current,20/10/2022,28/02/2025,,Medium,Limited Availability,Manufacturing,The sponsor is closely controlling the supply,8/7/2024
162318,PROVIVE MCT-LCT 1% propofol 200mg/20mL emulsion for injection vial,propofol,"Injection, emulsion",200 mg,Baxter Healthcare Pty Ltd,1300302409,Discontinued,,,31/03/2024,Low,Reduction in supply until supply is exhausted,Commercial Changes / Commercial viability,Alternative generic products available.,23/04/2024
162319,PROVIVE MCT-LCT 1% propofol 500mg/50mL emulsion for injection vial,propofol,"Injection, emulsion",500 mg,Baxter Healthcare Pty Ltd,1300302409,Discontinued,,,31/01/2025,Low,Reduction in supply until supply is exhausted,Commercial Changes / Commercial viability,This product will be replaced by PROVIVE 1% propofol 500mg/50mL emulsion for injection vial (ARTG 118939).,26/09/2024
162320,PROVIVE MCT-LCT 1% propofol 1000mg/100mL emulsion for injection vial,propofol,"Injection, emulsion",1000 mg,Baxter Healthcare Pty Ltd,1300302409,Discontinued,,,31/05/2024,Low,Reduction in supply until supply is exhausted,Commercial Changes / Commercial viability,Alternative generic products available.,18/04/2024
162463,ASPEN ADRENALINE INJECTION adrenaline (epinephrine) 1 mg/10 mL solution for injection ampoule,adrenaline (epinephrine),"Injection, solution",1 mg,Aspen Pharmacare Australia Pty Ltd,1300659646,Current,13/09/2024,1/10/2024,,Critical,Limited Availability,Unexpected increase in demand due to other sponsors unable to supply,The sponsor is working to expedite the next shipment.,16/09/2024
16277,DBL PAPAVERINE HYDROCHLORIDE 120mg/10mL injection ampoule,papaverine hydrochloride,"Injection, solution",12 mg/mL,Pfizer Australia Pty Ltd,1800-675-229,Anticipated,18/11/2024,30/12/2024,,Medium,Available,Manufacturing,The sponsor is working to expedite the next shipment.,13/08/2024
16290,DBL SODIUM NITRITE 0.3g/10mL injection BPC ampoule,sodium nitrite,"Injection, solution",30 mg/mL,Pfizer Australia Pty Ltd,1800-675-229,Discontinued,,,1/9/2024,Critical,Reduction in supply until supply is exhausted,Commercial Changes / Commercial viability,An alternative brand is available.,27/10/2023
163064,DENPAX fentanyl 50 micrograms/hour transdermal patch,fentanyl,"Drug delivery system, transdermal",5.1 mg,Alphapharm Pty Ltd,1800274276,Discontinued,,,30/12/2024,Low,Reduction in supply until supply is exhausted,Commercial Changes / Commercial viability,Reduction in supply until supply is exhausted. Alternative products are available.,5/8/2024
163065,DENPAX fentanyl 75 micrograms/hour transdermal patch,fentanyl,"Drug delivery system, transdermal",7.65 mg,Alphapharm Pty Ltd,1800274276,Discontinued,,,7/8/2024,Low,Unavailable,Commercial Changes / Commercial viability,Alternative generic products are available.,12/8/2024
163066,DENPAX fentanyl 12 micrograms/hour transdermal patch,fentanyl,"Drug delivery system, transdermal",1.28 mg,Alphapharm Pty Ltd,1800 314 527,Discontinued,,,7/8/2024,Low,Unavailable,Commercial Changes / Commercial viability,Alternative generic products are available.,12/8/2024
163067,DENPAX fentanyl 100 micrograms/hour transdermal patch,fentanyl,"Drug delivery system, transdermal",10.2 mg,Alphapharm Pty Ltd,1800274276,Discontinued,,,5/8/2024,Medium,Unavailable,Commercial Changes / Commercial viability,Alternative generic products are available.,7/8/2024
163068,DENPAX fentanyl 25 micrograms/hour transdermal patch,fentanyl,"Drug delivery system, transdermal",2.55 mg,Alphapharm Pty Ltd,1800274276,Discontinued,,,30/11/2024,Low,Reduction in supply until supply is exhausted,Commercial Changes / Commercial viability,Reduction in supply until supply is exhausted. Alternative generic products are available.,5/8/2024
16312,DBL METHOTREXATE 1g/10mL injection vial,methotrexate,"Injection, solution",100 mg/mL,Pfizer Australia Pty Ltd,1800-675-229,Anticipated,25/11/2024,10/1/2025,,Low,Available,Manufacturing,Alternative generic products are available.,13/09/2024
16313,DBL METHOTREXATE 5mg/2mL injection vial,methotrexate,"Injection, solution",2.5 mg/mL,Pfizer Australia Pty Ltd,1800-675-229,Resolved,29/05/2024,3/7/2024,,Low,Available,Manufacturing,,9/7/2024
163308,CEPTOLATE mycophenolate mofetil 500 mg tablet blister pack,mycophenolate mofetil,"Tablet, film coated",500 mg,Alphapharm Pty Ltd,1800274276,Current,3/9/2024,8/11/2024,,Low,Limited Availability,Manufacturing,Alternative brands available.,27/09/2024
163428,ONDANSETRON-DRLA ondansetron (as hydrochloride dihydrate) 4 mg film-coated tablet blister pack,ondansetron hydrochloride dihydrate,"Tablet, film coated",5 mg,Dr Reddys Laboratories Australia Pty Ltd,0427 306 107,Resolved,30/06/2024,27/07/2024,,Low,Available,Transport / Logistic issues / Storage capacity issues,,2/8/2024
163653,ONDANSETRON SZ ODT ondansetron 4 mg orally disintegrating tablet blister pack,ondansetron,"Tablet, orally disintegrating",4 mg,Dr Reddys Laboratories Australia Pty Ltd,478971744,Resolved,19/05/2023,14/07/2023,,Low,Available,Manufacturing,,7/8/2024
16377,DBL DIAZOXIDE 300mg/20mL injection BP ampoule,diazoxide,"Injection, solution",15 mg/mL,Pfizer Australia Pty Ltd,1800-675-229,Resolved,10/7/2024,10/7/2024,,Critical,Available,Transport / Logistic issues / Storage capacity issues,,10/7/2024
16378,DBL STERILE DOPAMINE CONCENTRATE 200mg/5mL injection ampoule,dopamine hydrochloride,"Injection, concentrated",40 mg/mL,Pfizer Australia Pty Ltd,1800-675-229,Anticipated,2/12/2024,31/01/2025,,Low,Available,Manufacturing,,27/08/2024
163901,REMIFENTANIL VIATRIS 1mg remifentanil (as hydrochloride) powder for injection vial,remifentanil hydrochloride,"Injection, powder for",1.097 mg,Alphapharm Pty Ltd,1800274276,Resolved,15/04/2024,1/7/2024,,Low,Available,Manufacturing,,3/7/2024
164131,VIATOCINON oxytocin 10 IU/1 mL injection ampoule,oxytocin,"Injection, solution",10 IU,Viatris Pty Ltd,1800 314 527,Anticipated,9/10/2024,15/12/2024,,Low,Available,Manufacturing,,26/09/2024
164215,TEMODAL temozolomide 180 mg capsules sachet,temozolomide,"Capsule, hard",180 mg,Merck Sharp & Dohme (Australia) Pty Ltd,1800 818 553,Discontinued,,,1/11/2023,Low,Reduction in supply until supply is exhausted,Commercial Changes / Commercial viability,Alternative brands are available.,15/05/2023
164216,TEMODAL temozolomide 250mg capsule sachet,temozolomide,"Capsule, hard",250 mg,Merck Sharp & Dohme (Australia) Pty Ltd,1800 818 553,Discontinued,,,1/11/2023,Low,Reduction in supply until supply is exhausted,Commercial Changes / Commercial viability,Alternative brands are available.,15/05/2023
164493,AXIT 45 mirtazapine 45 mg tablet blister pack,mirtazapine,"Tablet, film coated",45 mg,Alphapharm Pty Ltd,1800274276,Anticipated,18/12/2024,21/01/2025,,Low,Available,Manufacturing,,5/8/2024
165350,VECURE vecuronium bromide 10 mg powder for injection vial,vecuronium bromide,"Injection, powder for",10 mg,Alphapharm Pty Ltd,1800274276,Resolved,8/7/2024,19/07/2024,,Medium,Available,Unexpected increase in consumer demand,,22/07/2024
165573,"UBISTESIN articaine HCl 4% with adrenaline (epinephrine) 1:200,000 solution for injection cartridge",adrenaline (epinephrine) hydrochloride~articaine hydrochloride,"Injection, solution",6 microgram/mL~40 mg/mL,3M Australia Pty Ltd,437063403,Discontinued,,,1/5/2024,Low,Reduction in supply until supply is exhausted,Transport / Logistic issues / Storage capacity issues,Appropriate therapeutic alternatives are available.,21/10/2022
165574,"UBISTESIN FORTE articaine HCl 4% with adrenaline (epinephrine) 1:100,000 solution for injection cartridge",articaine hydrochloride~adrenaline (epinephrine) hydrochloride,"Injection, solution",40 mg/mL~12 microgram/mL,3M Australia Pty Ltd,437063403,Discontinued,,,1/6/2024,Low,Reduction in supply until supply is exhausted,Transport / Logistic issues / Storage capacity issues,Appropriate therapeutic alternatives are available.,21/10/2022
165746,REBIF interferon beta-1a (rch) 132 microgram/1.5mL solution for injection multidose cartridge,Interferon beta1a,"Injection, solution",88 microgram/mL,Merck Healthcare Pty Ltd,1800 257 348,Discontinued,,,1/11/2023,Low,Reduction in supply until supply is exhausted,Commercial Changes / Commercial viability,,9/5/2023
165766,CEPTOLATE mycophenolate mofetil 250mg capsule blister pack,mycophenolate mofetil,"Capsule, hard",250 mg,Alphapharm Pty Ltd,1800 274 276,Discontinued,,,2/8/2024,Low,Unavailable,Manufacturing,Alternative generic products are available.,7/8/2024
165915,COSOPT PRESERVATIVE-FREE dorzolamide (as hydrochloride) 20mg/mL and timolol (as maleate) 5mg/mL single dose eye drop ampoule,timolol maleate~dorzolamide hydrochloride,"Eye Drops, solution",6.83 mg/mL~22.26 mg/mL,Mundipharma Pty Ltd,1800 188 009,Discontinued,,,31/07/2024,Low,Unavailable,Commercial Changes / Commercial viability,An alternative generic product is available.,5/8/2024
166831,GENOTROPIN 12mg GOQUICK somatropin (rbe) powder for injection with preserved diluent pre-filled pen,Somatropin,"Injection, powder for",12 mg/mL,Pfizer Australia Pty Ltd,1800675229,Resolved,17/06/2024,26/07/2024,,Medium,Available,Unexpected increase in consumer demand,,29/07/2024
167190,ARIDON APN 10 donepezil hydrochloride 10mg tablet blister pack,donepezil hydrochloride,"Tablet, film coated",10 mg,Arrotex Pharmaceuticals Pty Ltd,1800 195 055,Current,3/7/2024,20/12/2024,,Low,Unavailable,Transport / Logistic issues / Storage capacity issues,Alternative generic products are available.,2/9/2024
167193,ARIDON APN 5 donepezil hydrochloride 5mg tablet blister pack,donepezil hydrochloride,"Tablet, film coated",5 mg,Arrotex Pharmaceuticals Pty Ltd,1800 195 055,Current,27/09/2024,20/06/2025,,Low,Unavailable,Transport / Logistic issues / Storage capacity issues,Alternative generic products are available.,2/10/2024
167202,MEDITAB IRINOTECAN irinotecan hydrochloride trihydrate 100 mg / 5 mL injection vial,irinotecan hydrochloride trihydrate,Injection,20 mg/mL,Cipla Australia Pty Ltd,03 9696 4413,Current,6/12/2019,30/09/2024,,Low,Unavailable,Manufacturing,Alternative generic products are available.,4/4/2024
167288,TACROGRAF tacrolimus 1 mg capsule bottle,tacrolimus monohydrate,"Capsule, hard",1.022 mg,Arrotex Pharmaceuticals Pty Ltd,1800 195 055,Anticipated,25/10/2024,22/11/2024,,Low,Available,Manufacturing,The sponsor is working to expedite the next shipment. Alternative generic products are available.,18/09/2024
167313,PHARMACOR OMEPRAZOLE omeprazole 20 mg capsules bottle,omeprazole,Capsule,20 mg,Pharmacor Pty Ltd,1300138805,Resolved,22/07/2024,15/09/2024,,Low,Available,Manufacturing,,19/09/2024
16750,DIANEAL Low Calcium with 1.5% w/v Glucose Peritoneal Dialysis Solution bag AHB9334/9766/9601 /9338,magnesium chloride hexahydrate~sodium chloride~sodium lactate~glucose~calcium chloride dihydrate,"Solution, irrigation",50.8 mg/L~5.38 g/L~4.48 g/L~15 g/L~183 mg/L,Vantive Pty Ltd,1800 920 133,Current,26/08/2024,31/07/2025,,Critical,Limited Availability,Manufacturing,Supply of an alternative product is under consideration.,3/9/2024
167693,ARAZIL donepezil hydrochloride 10 mg tablet blister pack,donepezil hydrochloride,"Tablet, film coated",10 mg,Alphapharm Pty Ltd,1800274276,Resolved,8/3/2024,19/08/2024,,Low,Available,Manufacturing,,20/08/2024
167893,SOLU-CORTEF ACT-O-VIAL hydrocortisone (as sodium succinate) 100mg powder for injection and diluent in dual-chamber vial,hydrocortisone sodium succinate,"Injection, powder for",134 mg,Pfizer Australia Pty Ltd,1800-675-229,Resolved,26/09/2024,30/09/2024,,Critical,Available,Manufacturing,,30/09/2024
167894,SOLU-CORTEF ACT-O-VIAL hydrocortisone (as sodium succinate) 250mg powder for injection and diluent dual-chamber vial,hydrocortisone sodium succinate,"Injection, powder for",334.25 mg,Pfizer Australia Pty Ltd,1800-675-229,Current,18/07/2024,29/11/2024,,Critical,Limited Availability,Manufacturing,The sponsor is working to expedite the next shipment.,2/10/2024
16847,DIANEAL Low Calcium with 2.5% w/v Glucose Peritoneal Dialysis Solution bag AHB9345/9776/9602 /9348,magnesium chloride hexahydrate~calcium chloride dihydrate~sodium lactate~glucose~sodium chloride,"Solution, irrigation",50.8 mg/L~183 mg/L~4.48 g/L~25 g/L~5.38 g/L,Vantive Pty Ltd,1800 920 133,Current,26/08/2024,31/07/2025,,Critical,Limited Availability,Manufacturing,Supply of an alternative product is under consideration.,2/9/2024
168790,LEVI 250 levetiracetam 250 mg tablet blister pack,levetiracetam,"Tablet, film coated",250 mg,Arrotex Pharmaceuticals Pty Ltd,1800 195 055,Current,12/7/2024,20/12/2024,,Low,Unavailable,Transport / Logistic issues / Storage capacity issues,Alternative generic products are available.,27/08/2024
168792,LEVI 500 levetiracetam 500 mg tablet blister pack,levetiracetam,"Tablet, film coated",500 mg,Arrotex Pharmaceuticals Pty Ltd,1800 195 055,Anticipated,11/10/2024,17/01/2025,,Low,Available,Transport / Logistic issues / Storage capacity issues,The sponsor is working to expedite the next shipment.,2/7/2024
168794,LEVI 1000 levetiracetam 1000 mg tablet blister pack,levetiracetam,"Tablet, film coated",1000 mg,Arrotex Pharmaceuticals Pty Ltd,1800 195 055,Current,28/06/2024,28/03/2025,,Medium,Unavailable,Transport / Logistic issues / Storage capacity issues,Alternative generic products are available.,16/09/2024
168803,SAFLUTAN tafluprost 15micrograms per/mL single dose eye drop ampoule,tafluprost,Eye Drops,.015 mg/mL,Mundipharma Pty Ltd,1800 188 009,Discontinued,,,11/12/2023,Low,Unavailable,Commercial Changes / Commercial viability,,12/2/2024
169623,ACTRAPID PENFILL human insulin (rys) 100IU/mL injection multidose cartridge,insulin,"Injection, solution",100 IU/mL,Novo Nordisk Pharmaceuticals Pty Ltd,1800 668 626,Discontinued,,,31/12/2026,Low,Reduction in supply until supply is exhausted,Commercial Changes / Commercial viability,An alternative presentation is available.,19/09/2024
169628,MIXTARD 30/70 INNOLET human insulin (rys) 100IU/mL injection multidose cartridge,insulin~insulin,"Injection, suspension",70 IU/mL~30 IU/mL,Novo Nordisk Pharmaceuticals Pty Ltd,1800 668 626,Discontinued,,,31/07/2024,Medium,Unavailable,Commercial Changes / Commercial viability,,2/2/2024
169629,MIXTARD 30/70 PENFILL human insulin (rys) 100IU/mL injection multidose cartridge,insulin~insulin,"Injection, suspension",30 IU/mL~70 IU/mL,Novo Nordisk Pharmaceuticals Pty Ltd,1800 668 626,Discontinued,,,2/10/2024,Medium,Unavailable,Commercial Changes / Commercial viability,Alternative products are available,26/08/2024
169633,PROTAPHANE INNOLET human insulin (rys) 100IU/mL injection multidose cartridge,insulin,"Injection, suspension",100 IU/mL,Novo Nordisk Pharmaceuticals Pty Ltd,1800 668 626,Discontinued,,,1/2/2025,Low,Reduction in supply until supply is exhausted,Commercial Changes / Commercial viability,An alternative presentation is available.,19/09/2024
169635,PROTAPHANE PENFILL human insulin (rys) 100IU/mL injection multidose cartridge,insulin,"Injection, suspension",100 IU/mL,Novo Nordisk Pharmaceuticals Pty Ltd,1800 668 626,Discontinued,,,31/12/2026,Low,Reduction in supply until supply is exhausted,Commercial Changes / Commercial viability,An alternative presentation is available.,19/09/2024
170178,VALACICLOVIR GENERICHEALTH valaciclovir hydrochloride 500mg tablet blister pack,valaciclovir hydrochloride monohydrate,"Tablet, film coated",611.7 mg,Generic Health Pty Ltd,03 9809 7900,Discontinued,,,31/12/2024,Low,Unavailable,Commercial Changes / Commercial viability,Alternative generic products are available.,15/08/2024
170446,OVIDREL choriogonadotropin alfa (rch) 250 microgram/ 0.5mL solution for injection pre-filled pen,Choriogonadotropin alfa,"Injection, solution",250 microgram,Merck Healthcare Pty Ltd,1800 257 348,Current,1/7/2024,30/06/2025,,Critical,Limited Availability,Unexpected increase in consumer demand,The sponsor is closely controlling the supply. An unregistered product has been approved for supply under Section 19A. See the website: https://www.tga.gov.au/ws-sl9a-index and search for the active ingredient.,30/08/2024
170803,ACETYLCYSTEINE-LINK INJECTION acetylcysteine 2g/10mL concentrated injection ampoule,acetylcysteine,"Injection, concentrated",2 g,Link Medical Products Pty Ltd T/A Link Pharmaceuticals,1800181060,Current,23/09/2024,24/10/2024,,Critical,Limited Availability,Transport / Logistic issues / Storage capacity issues,Sponsor is working to expedite the next shipment. Alternative brand  available.,24/09/2024
172126,PROCHLORPERAZINE GH prochlorperazine maleate 5 mg tablet blister pack,prochlorperazine maleate,Tablet,5 mg,Generic Health Pty Ltd,03 9809 7900,Resolved,28/06/2024,5/7/2024,,Low,Available,Commercial Changes / Commercial viability,,10/7/2024
172213,LEVEMIR PENFILL insulin detemir (rys) 100 U/mL injection cartridge,Insulin detemir,"Injection, solution",100 U/mL,Novo Nordisk Pharmaceuticals Pty Ltd,1800 668 626,Discontinued,,,31/12/2026,Medium,Reduction in supply until supply is exhausted,Commercial Changes / Commercial viability,The TGA is investigating management strategies and will consult with subject matter experts and sponsors. The sponsor will continue to supply until the market deletion date.,19/09/2024
172234,LEVEMIR FLEXPEN insulin detemir (rys) 100 U/mL injection cartridge,Insulin detemir,"Injection, solution",100 U/mL,Novo Nordisk Pharmaceuticals Pty Ltd,1800 668 626,Discontinued,,,31/12/2026,Medium,Reduction in supply until supply is exhausted,Commercial Changes / Commercial viability,The TGA is investigating management strategies and will consult with subject matter experts and sponsors. The sponsor will continue to supply until the market deletion date.,19/09/2024
172300,ARX-METOPROLOL XL  47.5 metoprolol succinate 47.5 mg modified release tablet blister pack,metoprolol succinate,"Tablet, modified release",47.5 mg,Arrotex Pharmaceuticals Pty Ltd,1800 195 055,Anticipated,29/11/2024,20/12/2024,,Low,Available,Manufacturing,Alternative generic products are available.,11/9/2024
172304,ARX-METOPROLOL XL 190 metoprolol succinate 190 mg modified release tablet blister pack,metoprolol succinate,"Tablet, modified release",190 mg,Arrotex Pharmaceuticals Pty Ltd,1800 195 055,Anticipated,11/10/2024,20/12/2024,,Low,Available,Manufacturing,Alternative generic products are available.,11/9/2024
172306,ARX-METOPROLOL XL 95 metoprolol succinate 95 mg modified release tablet blister pack,metoprolol succinate,"Tablet, modified release",95 mg,Arrotex Pharmaceuticals Pty Ltd,1800195055,Anticipated,25/10/2024,20/12/2024,,Medium,Available,Manufacturing,An alternative generic product is available.,11/9/2024
173137,SIMPRAL pramipexole dihydrochloride monohydrate 1 mg tablet blister pack,pramipexole dihydrochloride monohydrate,Tablet,1 mg,Alphapharm Pty Ltd,1800274276,Resolved,10/5/2024,2/8/2024,,Low,Available,Manufacturing,,5/8/2024
173138,SIMPRAL pramipexole dihydrochloride monohydrate 0.25 mg tablet blister pack,pramipexole dihydrochloride monohydrate,Tablet,.25 mg,Alphapharm Pty Ltd,1800274276,Resolved,16/04/2024,2/8/2024,,Low,Available,Manufacturing,,6/8/2024
173139,SIMPRAL pramipexole dihydrochloride monohydrate 0.125 mg tablet blister pack,pramipexole dihydrochloride monohydrate,Tablet,.125 mg,Alphapharm Pty Ltd,1800274276,Resolved,15/07/2024,2/8/2024,,Low,Available,Manufacturing,,5/8/2024
173396,NORDITROPIN FLEXPRO somatropin (rbe) 5mg (3.33mg/mL) injection-solution multidose cartridge,Somatropin,"Injection, solution",3.33 mg/mL,Novo Nordisk Pharmaceuticals Pty Ltd,1800 668 626,Current,23/05/2023,31/12/2024,,Medium,Limited Availability,Manufacturing,A TGA web alert is available at: https://www.tga.gov.au/safety/shortages/information-about-major-medicine-shortages/about-shortage-somatropin-products,21/02/2024
174479,REBIF interferon beta-1a (rch) 44 microgram/0.5mL injection pre-filled syringe autoinjector,Interferon beta1a,"Injection, solution",88 microgram/mL,Merck Healthcare Pty Ltd,1800 257 348,Discontinued,,,1/11/2023,Low,Reduction in supply until supply is exhausted,Commercial Changes / Commercial viability,,5/5/2023
17572,ALEPAM 15 oxazepam 15mg tablet bottle,oxazepam,"Tablet, uncoated",15 mg,Alphapharm Pty Ltd,1800274276,Current,2/11/2023,28/02/2025,,Low,Unavailable,Manufacturing,Alternative generic products are available.,23/08/2024
17614,DERALIN 40 Propranolol hydrochloride 40mg tablet bottle,propranolol hydrochloride,"Tablet, film coated",40 mg,Alphapharm Pty Ltd,1800274276,Resolved,28/05/2024,9/7/2024,,Low,Available,Manufacturing,,10/7/2024
176517,PERISYL perindopril erbumine 8 mg tablet blister pack,perindopril erbumine,Tablet,8 mg,Alphapharm Pty Ltd,1800274276,Resolved,28/05/2024,26/08/2024,,Low,Available,Manufacturing,,26/08/2024
17655,METROGYL 400 metronidazole 400mg tablet bottle,metronidazole,"Tablet, uncoated",400 mg,Alphapharm Pty Ltd,1800274276,Resolved,18/09/2024,26/09/2024,,Low,Available,Manufacturing,,27/09/2024
176980,VIRAMUNE XR nevirapine 400 mg extended-release tablet blister pack,nevirapine,"Tablet, modified release",400 mg,Boehringer Ingelheim Pty Ltd,02 8875 8800,Discontinued,,,1/4/2024,Medium,Reduction in supply until supply is exhausted,Commercial Changes / Commercial viability,Other strengths are available.,17/02/2024
177111,DBL SODIUM NITROPRUSSIDE CONCENTRATED INJECTION sodium nitroprusside 25 mg/mL concentrated injection vial,sodium nitroprusside,"Injection, solution",50 mg,Pfizer Australia Pty Ltd,1800 675 229,Anticipated,1/7/2022,1/8/2022,,Low,Available,Manufacturing,,17/06/2022
177793,OLANZAPINE ODT GENERICHEALTH 10 olanzapine 10 mg orodispersible tablet blister pack,olanzapine,"Tablet, orally disintegrating",10 mg,Torrent Australasia Pty Ltd,+61 3 9809 7900,Discontinued,,,31/07/2024,Low,Unavailable,Commercial Changes / Commercial viability,Alternative generic products are available.,3/9/2024
178774,DBL DEXAMETHASONE SODIUM PHOSPHATE INJECTION 8mg/2mL (as sodium) injection vial,dexamethasone sodium phosphate,"Injection, solution",4.37 mg/mL,Pfizer Australia Pty Ltd,1800-675-229,Current,9/7/2024,31/12/2024,,Critical,Limited Availability,Manufacturing,Alternative generic products are available.,9/7/2024
17905,ACTILYSE alteplase (rch) 50 mg powder for injection vial  with diluent vial,Alteplase,"Injection, powder for",50 mg,Boehringer Ingelheim Pty Ltd,02 8875 8800,Resolved,12/1/2023,30/08/2024,,Critical,Available,Unexpected increase in consumer demand,,30/08/2024
17921,CATAPRES 100 clonidine hydrochloride 100 microgram  tablet blister pack,clonidine hydrochloride,"Tablet, uncoated",100 microgram,Clinect Pty Ltd,1800899005,Current,3/9/2024,15/10/2024,,Medium,Limited Availability,Manufacturing,The sponsor is working to expedite the next shipment.,4/9/2024
180321,ATORVASTATIN GH atorvastatin (as calcium) 10 mg film coated tablets blister pack,atorvastatin calcium,"Tablet, film coated",10.34 mg,Generic Health Pty Ltd,03 9809 7922,Discontinued,,,30/03/2024,Low,Reduction in supply until supply is exhausted,Commercial Changes / Commercial viability,Alternative generic products are available.,20/12/2023
180326,ATORVASTATIN GH  atorvastatin (as calcium) 80 mg film coated tablets blister pack,atorvastatin calcium,"Tablet, film coated",82.72 mg,Generic Health Pty Ltd,03 9809 7900,Discontinued,,,31/12/2023,Low,Unavailable,Commercial Changes / Commercial viability,Other brands available.,12/12/2023
180330,ATORVASTATIN GH atorvastatin (as calcium) 40 mg film coated tablets blister pack,atorvastatin calcium,"Tablet, film coated",41.36 mg,Generic Health Pty Ltd,03 9809 7922,Discontinued,,,31/12/2023,Low,Unavailable,Commercial Changes / Commercial viability,Other brands available.,12/12/2023
180561,ISABELLE TABLETS 3 mg/30 micrograms drospirenone/ethinylestradiol 3 mg/30 micrograms tablet blister pack,drospirenone~ethinylestradiol,Tablet,3 mg~30 microgram,Lupin Australia Pty Limited,03 9809 7900,Resolved,24/07/2024,24/07/2024,,Low,Available,Manufacturing,,29/07/2024
182106,APO-BISOPROLOL bisoprolol fumarate 2.5mg tablet blister pack,bisoprolol fumarate,Tablet,2.5 mg,Arrotex Pharmaceuticals Pty Ltd,1800 195 055,Current,23/08/2024,28/02/2025,,Low,Unavailable,Manufacturing,,11/9/2024
182114,APO-BISOPROLOL bisoprolol fumarate 5mg tablet blister pack,bisoprolol fumarate,Tablet,5 mg,Arrotex Pharmaceuticals Pty Ltd,1800 195 055,Current,6/9/2024,21/02/2025,,Low,Unavailable,Manufacturing,Alternative generic products are available.,11/9/2024
182123,APO-BISOPROLOL bisoprolol fumarate 10mg tablet blister pack,bisoprolol fumarate,Tablet,10 mg,Arrotex Pharmaceuticals Pty Ltd,1800 195 055,Anticipated,8/11/2024,10/1/2025,,Low,Available,Manufacturing,The sponsor is working to expedite the next shipment. Alternative generic products are available.,19/09/2024
183622,Levophed 1:1000 noradrenaline (norepinephrine) 4mg / 4mL Concentrate for IV Injection vial,noradrenaline (norepinephrine) acid tartrate monohydrate,"Injection, concentrated",2 mg/mL,Pfizer Australia Pty Ltd,1800-675-229,Discontinued,,,1/10/2024,Critical,Reduction in supply until supply is exhausted,Commercial Changes / Commercial viability,Alternative generic products are available.,16/09/2024
184809,APO-PERINDOPRIL ARGININE perindopril arginine 10 mg tablet blister pack,perindopril arginine,"Tablet, film coated",10 mg,Arrotex Pharmaceuticals Pty Ltd,1800195055,Anticipated,1/3/2024,22/03/2024,,Low,Available,Manufacturing,,9/10/2023
184824,APX-MONTELUKAST montelukast 5 mg (as sodium) chewable tablet blister pack,montelukast sodium,"Tablet, chewable",5.2 mg,Accord Healthcare Pty Ltd,418348894,Current,20/03/2024,28/11/2024,,Low,Unavailable,Manufacturing,Alternative generic products are available.,19/09/2024
184831,APX-MONTELUKAST montelukast 4 mg (as sodium) chewable tablet blister pack,montelukast sodium,"Tablet, chewable",4.16 mg,Accord Healthcare Pty Ltd,418348894,Resolved,9/1/2024,2/7/2024,,Low,Available,Manufacturing,,16/07/2024
184832,MONTELUKAST SANDOZ 4 montelukast 4 mg (as sodium) chewable tablet blister pack,montelukast sodium,"Tablet, chewable",4.16 mg,Accord Healthcare Pty Ltd,418348894,Resolved,13/06/2024,25/07/2024,,Low,Available,Manufacturing,,26/07/2024
184834,APX-MONTELUKAST montelukast 10 mg (as sodium) film-coated tablet blister pack,montelukast sodium,"Tablet, film coated",10.4 mg,Accord Healthcare Pty Ltd,418348894,Resolved,6/6/2024,16/07/2024,,Low,Available,Manufacturing,,18/07/2024
186358,CYCLOSPORIN SANDOZ ciclosporin 25mg capsules blister pack,ciclosporin,"Capsule, soft",25 mg,Novartis Pharmaceuticals Australia Pty Ltd,1800635202,Discontinued,,,4/4/2024,Low,Unavailable,Commercial Changes / Commercial viability,Alternative generic products are available.,30/11/2023
186359,CYCLOSPORIN SANDOZ ciclosporin 50mg capsules blister pack,ciclosporin,"Capsule, soft",50 mg,Novartis Pharmaceuticals Australia Pty Ltd,1800635202,Discontinued,,,4/4/2024,Low,Unavailable,Commercial Changes / Commercial viability,Alternative generic products are available.,30/11/2023
186361,CYCLOSPORIN SANDOZ ciclosporin 100mg capsules blister pack,ciclosporin,"Capsule, soft",100 mg,Novartis Pharmaceuticals Australia Pty Ltd,1800635202,Discontinued,,,4/4/2024,Low,Unavailable,Commercial Changes / Commercial viability,Alternative generic products are available.,30/11/2023
186569,ROPIBAM 0.75% Ropivacaine hydrochloride 150mg/20mL solution for injection ampoule,ropivacaine hydrochloride,"Injection, solution",7.5 mg/mL,Boucher & Muir Pty Ltd,1800627680,Resolved,15/03/2024,4/7/2024,,Low,Available,Manufacturing,,8/7/2024
18695,ALBEY PAPER WASP VENOM paper wasp venom 550 microgram powder for injection vial with 4 vials of Albumin saline diluent,Paper wasp venom,"Injection, powder for",550 microgram,Stallergenes Australia Pty Ltd,1800 824 166,Current,6/3/2018,31/05/2025,,Critical,Unavailable,Manufacturing,An unregistered product has been approved for supply under Section 19A. See the website: https://www.tga.gov.au/ws-s19a-index and search for the active ingredient,29/03/2023
18770,ALBEY YELLOW JACKET VENOM vespula spp venom 550 microgram powder for injection vial with 4 vials of Albumin Saline Diluent,Vespula spp venom,"Injection, powder for",550 microgram,Stallergenes Australia Pty Ltd,1800 824 166,Current,1/5/2018,31/05/2025,,Critical,Unavailable,Manufacturing,An unregistered product has been approved for supply under Section 19A. See the website: https://www.tga.gov.au/ws-s19a-index and search for the active ingredient,29/03/2023
18777,CELESTONE CHRONODOSE betamethasone 5.7mg/1mL (as acetate and sodium phosphate) injection ampoule,betamethasone acetate~betamethasone sodium phosphate,"Injection, suspension",3 mg/mL~3.9 mg/mL,ORGANON PHARMA PTY LTD,1800023135,Resolved,1/2/2023,26/07/2024,,Medium,Available,Product recall,,26/07/2024
188016,TAMIFLU oseltamivir (as phosphate) 6 mg/mL powder for oral suspension,oseltamivir phosphate,"Oral Liquid, powder for",7.88 mg/mL,Roche Products Pty Ltd,1800 233 950,Resolved,15/07/2024,11/9/2024,,Low,Available,Unexpected increase in consumer demand,,16/09/2024
188367,SERENACE INJECTION haloperidol 5 mg/mL ampoule 1mL,haloperidol,"Injection, solution",5 mg/mL,Aspen Pharmacare Australia Pty Ltd,1300659646,Resolved,5/7/2024,12/7/2024,,Medium,Available,Manufacturing,,12/7/2024
18845,BILTRICIDE Praziquantel 600mg Tablet bottle,praziquantel,"Tablet, film coated",600 mg,Bayer Australia Ltd,02 93916000,Discontinued,,,28/02/2025,Critical,Reduction in supply until supply is exhausted,Manufacturing,The sponsor is closely controlling the supply.  The TGA is working to develop a management strategy.,1/6/2024
188711,SILDATIO PHT sildenafil (as citrate) 20 mg film-coated tablets blister pack,sildenafil citrate,"Tablet, film coated",28.1 mg,Arrotex Pharmaceuticals Pty Ltd,1800 195 055,Resolved,31/05/2024,2/8/2024,,Low,Available,Manufacturing,,7/8/2024
188717,SILDENAFIL PHT ARX 20 mg sildenafil (as citrate) 20 mg film-coated tablets blister pack,sildenafil citrate,"Tablet, film coated",28.1 mg,Accord Healthcare Pty Ltd,1800 222 673,Current,18/07/2024,25/04/2025,,Low,Limited Availability,Manufacturing,Alternative generic products are available.,15/08/2024
188893,"CIPLA PAIN RELIEF PARACETAMOL + CODEINE 15, paracetamol 500mg + codeine phosphate hemihydrate 15mg tablets blister pack",paracetamol~codeine phosphate hemihydrate,"Tablet, uncoated",500 mg~15 mg,Cipla Australia Pty Ltd,396964413,Discontinued,,,13/12/2023,Low,Reduction in supply until supply is exhausted,Commercial Changes / Commercial viability,,17/01/2024
189887,LEVETIRACETAM VIATRIS  levetiracetam 1000 mg tablet blister pack,levetiracetam,"Tablet, film coated",1000 mg,Accord Healthcare Pty Ltd,418348894,Current,21/08/2024,30/11/2024,,Low,Unavailable,Manufacturing,Alternative generic products are available.,28/08/2024
189948,ENDOMETRIN PESSARIES progesterone 100mg vaginal tablet  blister pack,progesterone,"Pessary, compressed",100 mg,Ferring Pharmaceuticals Pty Ltd,472501741,Current,15/04/2024,15/11/2024,,Low,Unavailable,Manufacturing,Alternative products are available,18/04/2024
191084,IRBESARTAN GH irbesartan 300mg tablet blister pack,irbesartan,"Tablet, film coated",300 mg,Lupin Australia Pty Limited,03 9809 7900,Discontinued,,,8/1/2024,Low,Unavailable,Commercial Changes / Commercial viability,Alternative generic products are available.,11/1/2024
191408,IRBESARTAN GH irbesartan 75mg tablet blister pack,irbesartan,"Tablet, film coated",75 mg,Lupin Australia Pty Limited,03 9809 7900,Discontinued,,,31/12/2023,Low,Unavailable,Manufacturing,Alternative generic products are available.,10/8/2023
19144,LANTHEUS GALLIUM(67Ga) citrate 74MBq/mL injection USP multidose vial,gallium (67Ga) citrate,"Injection, solution",74 MBq/mL,Global Medical Solutions Australia Pty Limited,95038100,Current,16/03/2022,31/12/2026,,Medium,Unavailable,Manufacturing,An unregistered product has been approved for supply under Section 19A. See the website: https://www.tga.gov.au/ws-s19a-index and search for the active ingredient.,26/07/2024
191867,ZABEP 20 rabeprazole sodium 20 mg enteric coated tablets blister pack,rabeprazole sodium,"Tablet, enteric coated",20 mg,Medis Pharma Pty Ltd,+61 2 9251 1088,Resolved,27/06/2024,8/7/2024,,Low,Available,Transport / Logistic issues / Storage capacity issues,,9/7/2024
191947,AZITHROMYCIN VIATRIS Azithromycin (as monohydrate) 500mg Powder for Injection Vial,azithromycin,"Injection, powder for",500 mg,Alphapharm Pty Ltd,1800274276,Current,28/04/2023,31/12/2024,,Low,Unavailable,Commercial Changes / Commercial viability,Alternative generic products are available.,28/06/2024
19243,BICNU carmustine 100mg powder for injection vial with diluent vial,carmustine,"Injection, powder for",100 mg,Emcure Pharmaceuticals Pty Ltd,401858985,Resolved,5/7/2024,15/09/2024,,Low,Available,Manufacturing,,18/09/2024
19249,CEENU lomustine 40mg capsule bottle,lomustine,"Capsule, hard",40 mg,Link Medical Products Pty Ltd T/A Link Pharmaceuticals,1800 181 060,Discontinued,,,30/06/2024,Medium,Reduction in supply until supply is exhausted,Commercial Changes / Commercial viability,"An unregistered product has been approved for supply under Section 19A. Please contact 
Link Medical Products on 1800 181 060 for details on supply.",12/6/2024
19252,CEENU lomustine 10mg capsule bottle,lomustine,"Capsule, hard",10 mg,Bristol-Myers Squibb Australia Pty Ltd,1800067567,Discontinued,,,30/06/2024,Medium,Reduction in supply until supply is exhausted,Commercial Changes / Commercial viability,An unregistered product has been approved for supply under Section 19A. Please contact Pro Pharmaceuticals on 1300 077 674 for details on supply.,12/6/2024
194683,APO-BICALUTAMIDE bicalutamide 50mg film-coated tablet blister pack,bicalutamide,"Tablet, film coated",50 mg,Arrotex Pharmaceuticals Pty Ltd,1800 195 055,Anticipated,20/12/2024,23/05/2025,,Low,Available,Manufacturing,Alternative generic products are available.,2/10/2024
195202,C-FLOX 250 ciprofloxacin 250mg (as hydrochloride) tablet blister pack,ciprofloxacin hydrochloride,"Tablet, film coated",277.5 mg,Alphapharm Pty Ltd,1800274276,Current,25/01/2024,31/12/2024,,Low,Limited Availability,Manufacturing,Alternative generic products are available.,4/4/2024
195203,C-FLOX 500 ciprofloxacin 500mg (as hydrochloride) tablet blister pack,ciprofloxacin hydrochloride,"Tablet, film coated",555 mg,Alphapharm Pty Ltd,1800274276,Current,10/5/2024,31/12/2024,,Low,Limited Availability,Manufacturing,Alternative generic products are available.,14/05/2024
195204,C-FLOX 750 ciprofloxacin 750mg (as hydrochloride) tablet blister pack,ciprofloxacin hydrochloride,"Tablet, film coated",832.5 mg,Alphapharm Pty Ltd,1800274276,Current,6/12/2023,31/12/2024,,Low,Unavailable,Manufacturing,Alternative generic products are available.,4/4/2024
195811,ROPIVACAINE KABI ropivacaine hydrochloride 400 mg/200 mL solution for infusion bag,ropivacaine hydrochloride,"Injection, solution",400 mg,Fresenius Kabi Australia Pty Ltd,293915555,Resolved,9/8/2024,19/08/2024,,Low,Available,Transport / Logistic issues / Storage capacity issues,,27/08/2024
195910,APO-AZITHROMYCIN azithromycin (as dihydrate) 500 mg tablet blister pack,azithromycin dihydrate,"Tablet, film coated",524.05 mg,Arrotex Pharmaceuticals Pty Ltd,1800 195 055,Current,13/09/2024,15/11/2024,,Low,Unavailable,Manufacturing,The sponsor is working to expedite the next shipment. Alternative generic products are available.,16/09/2024
196485,MALEAN enalapril maleate 10mg tablet blister pack,enalapril maleate,Tablet,10 mg,Arrotex Pharmaceuticals Pty Ltd,1800195055,Resolved,26/07/2024,9/8/2024,,Medium,Available,Manufacturing,,15/08/2024
197285,LUKAIR montelukast (as sodium) 10 mg film-coated tablet blister pack,montelukast sodium,"Tablet, film coated",10.4 mg,ORGANON PHARMA PTY LTD,1800023135,Discontinued,,,30/04/2026,Low,Reduction in supply until supply is exhausted,Commercial Changes / Commercial viability,Alternative generic products are available.,30/08/2024
198356,INDOSYL MONO 2 perindopril erbumine 2mg tablet blister pack,perindopril erbumine,"Tablet, uncoated",2 mg,Servier Laboratories (Aust) Pty Ltd,1300 927 769,Discontinued,,,31/01/2025,Low,Reduction in supply until supply is exhausted,Commercial Changes / Commercial viability,,27/02/2024
198357,INDOSYL MONO 4  perindopril erbumine 4mg tablet blister pack,perindopril erbumine,"Tablet, uncoated",4 mg,Servier Laboratories (Aust) Pty Ltd,1300 927 769,Discontinued,,,31/01/2025,Low,Reduction in supply until supply is exhausted,Commercial Changes / Commercial viability,,27/02/2024
198358,INDOSYL MONO 8  perindopril erbumine 8mg tablet blister pack,perindopril erbumine,"Tablet, uncoated",8 mg,Servier Laboratories (Aust) Pty Ltd,1300 927 769,Discontinued,,,31/01/2025,Low,Reduction in supply until supply is exhausted,Commercial Changes / Commercial viability,,27/02/2024
198992,TRANALPHA trandolapril 0.5 mg capsules blister pack,trandolapril,"Capsule, hard",.5 mg,Alphapharm Pty Ltd,1800274276,Current,23/07/2024,31/12/2024,,Low,Limited Availability,Manufacturing,Alternative generic products are available.,28/08/2024
198993,TRANALPHA trandolapril 1 mg capsules blister pack,trandolapril,"Capsule, hard",1 mg,Alphapharm Pty Ltd,1800274276,Current,3/9/2024,31/12/2024,,Low,Limited Availability,Manufacturing,Alternative generic products are available.,4/9/2024
198994,TRANALPHA trandolapril 2 mg capsules blister pack,trandolapril,"Capsule, hard",2 mg,Alphapharm Pty Ltd,1800274276,Current,2/8/2024,31/12/2024,,Low,Limited Availability,Manufacturing,Alternative generic products are available.,28/08/2024
198995,TRANALPHA trandolapril 4 mg capsules blister pack,trandolapril,"Capsule, hard",4 mg,Alphapharm Pty Ltd,1800274276,Current,2/8/2024,31/12/2024,,Low,Limited Availability,Manufacturing,Alternative generic products are available.,28/08/2024
199006,SEVIKAR HCT 40/5/12.5 olmesartan medoxomil 40 mg amlodipine (as besilate) 5 mg and hydrochlorothiazide 12.5 mg tablet blister pack,olmesartan medoxomil~hydrochlorothiazide~amlodipine besilate,Tablet,40 mg~12.5 mg~6.944 mg,ORGANON PHARMA PTY LTD,1800023135,Resolved,5/8/2024,13/08/2024,,Low,Available,Manufacturing,,13/08/2024
199007,SEVIKAR HCT 40/5/25 olmesartan medoxomil 40 mg amlodipine (as besilate) 5 mg and hydrochlorothiazide 25 mg tablet blister pack,hydrochlorothiazide~amlodipine besilate~olmesartan medoxomil,Tablet,25 mg~6.944 mg~40 mg,ORGANON PHARMA PTY LTD,1800023135,Current,12/8/2024,31/12/2024,,Low,Unavailable,Manufacturing,Sponsor is working to expedite the next shipment.,16/08/2024
199210,CADIVAST 5/80 amlodipine (as besilate) and atorvastatin (as calcium) 5 mg/80 mg tablets bottle,amlodipine besilate~atorvastatin calcium trihydrate,"Tablet, film coated",6.94 mg~86.751 mg,Alphapharm Pty Ltd,1800274276,Resolved,23/04/2024,15/07/2024,,Low,Available,Manufacturing,,15/07/2024
199254,DULOXETINE SANDOZ duloxetine (as hydrochloride) 60 mg enteric capsule blister pack,duloxetine hydrochloride,"Capsule, enteric",67.3 mg,Sandoz Pty Ltd,1800 726 369,Current,26/03/2024,16/10/2024,,Low,Limited Availability,Manufacturing,Sponsor is working to expedite the next shipment.,20/09/2024
199256,TIXOL 30 duloxetine (as hydrochloride) 30 mg enteric capsule blister pack,duloxetine hydrochloride,"Capsule, enteric",33.65 mg,Alphapharm Pty Ltd,1800274276,Current,4/12/2023,22/11/2024,,Low,Unavailable,Manufacturing,Alternative generic products are available.,11/9/2024
199262,DYTREX 30 duloxetine (as hydrochloride) 30 mg enteric capsule blister pack,duloxetine hydrochloride,"Capsule, enteric",33.65 mg,Arrotex Pharmaceuticals Pty Ltd,1800195055,Current,19/03/2024,25/10/2024,,Low,Limited Availability,Manufacturing,Sponsor is working to expedite the next shipment.,27/09/2024
199263,DYTREX 60 duloxetine (as hydrochloride) 60 mg enteric capsule blister pack,duloxetine hydrochloride,"Capsule, enteric",67.3 mg,Arrotex Pharmaceuticals Pty Ltd,1800 195 055,Current,9/2/2024,1/11/2024,,Low,Limited Availability,Unexpected increase in demand due to other sponsors unable to supply,Sponsor is working to expedite the next shipment. An alternative generic brand is available.,20/08/2024
199265,TIXOL 60 duloxetine (as hydrochloride) 60 mg enteric capsule blister pack,duloxetine hydrochloride,"Capsule, enteric",67.3 mg,Alphapharm Pty Ltd,1800274276,Current,15/09/2023,22/11/2024,,Low,Unavailable,Manufacturing,Alternative generic products are available.,11/9/2024
199266,DULOXETINE SANDOZ duloxetine (as hydrochloride) 30 mg enteric capsule blister pack,duloxetine hydrochloride,"Capsule, enteric",33.65 mg,Alembic Pharmaceuticals Australia Pty Ltd,1800 726 369,Resolved,29/02/2024,6/9/2024,,Medium,Available,Manufacturing,,10/9/2024
200877,ZOLTRIP zolmitriptan 2.5mg tablet blister pack,zolmitriptan,"Tablet, film coated",2.5 mg,Arrotex Pharmaceuticals Pty Ltd,1800 195 055,Anticipated,4/4/2025,2/5/2025,,Low,Available,Manufacturing,Alternative generic products are available.,27/08/2024
200933,CAPECITABINE-DRLA capecitabine 500 mg tablet blister pack,capecitabine,"Tablet, film coated",500 mg,Dr Reddys Laboratories Australia Pty Ltd,0427 306 107,Discontinued,,,31/01/2024,Medium,Reduction in supply until supply is exhausted,Commercial Changes / Commercial viability,Other brands are available,27/10/2023
201126,XOLAIR omalizumab (rch) 150 mg solution for injection pre-filled syringe,Omalizumab,"Injection, solution",150 mg,Novartis Pharmaceuticals Australia Pty Ltd,1800635202,Resolved,24/06/2024,3/9/2024,,Low,Available,Manufacturing,,4/9/2024
201359,TELMISARTAN/HCT SANDOZ 80mg/12.5mg telmisartan 80mg / hydrochlorothiazide 12.5mg blister pack,hydrochlorothiazide~telmisartan,"Tablet, film coated",12.5 mg~80 mg,Sandoz Pty Ltd,1800 726 369,Current,22/08/2024,30/09/2024,,Low,Limited Availability,Manufacturing,The sponsor is working to expedite the next shipment. Alternative generic products are available.,10/9/2024
201800,Capecitabine Sandoz capecitabine 500mg film coated tablet blister pack,capecitabine,"Tablet, film coated",500 mg,Sandoz Pty Ltd,1800 726 369,Current,29/08/2024,15/01/2025,,Low,Unavailable,Manufacturing,Alternative generic product is available.,3/9/2024
203624,PARACETAMOL KABI paracetamol 1000mg/100mL solution for injection vial,paracetamol,"Injection, solution",10 mg/mL,Fresenius Kabi Australia Pty Ltd,293915555,Resolved,1/3/2024,2/9/2024,,Critical,Available,Unexpected increase in consumer demand,,3/9/2024
203688,EZALO Composite Pack 10mg+40mg ezetimibe 10mg tablets and rosuvastatin (as calcium) 40mg tablets composite pack,rosuvastatin calcium~ezetimibe,"Tablet~Tablet, film coated",41.583 mg~10 mg,ORGANON PHARMA PTY LTD,1800023135,Current,29/08/2024,31/01/2025,,Low,Limited Availability,Manufacturing,The sponsor is working to expedite the next shipment.,3/9/2024
203689,EZALO Composite Pack 10mg+10mg ezetimibe 10mg tablets and rosuvastatin (as calcium) 10mg tablets composite pack,ezetimibe~rosuvastatin calcium,"Tablet~Tablet, film coated",10 mg~10.396 mg,ORGANON PHARMA PTY LTD,1800023135,Current,29/08/2024,30/09/2024,,Low,Unavailable,Manufacturing,The sponsor is working to expedite the next shipment.,2/9/2024
203690,ROSUZET Composite Pack 10mg+5mg ezetimibe 10mg tablets and rosuvastatin (as calcium) 5mg tablets composite pack,ezetimibe~rosuvastatin calcium,"Tablet~Tablet, film coated",10 mg~5.198 mg,ORGANON PHARMA PTY LTD,1800023135,Current,3/7/2024,31/08/2024,,Low,Limited Availability,Manufacturing,Sponsor is working to expedite the next shipment.,31/07/2024
203691,EZALO Composite Pack 10mg+20mg ezetimibe 10mg tablets and rosuvastatin (as calcium) 20mg tablets composite pack,rosuvastatin calcium~ezetimibe,"Tablet~Tablet, film coated",20.791 mg~10 mg,ORGANON PHARMA PTY LTD,1800023135,Current,29/08/2024,29/11/2024,,Low,Limited Availability,Manufacturing,The sponsor is working to expedite the next shipment.,3/9/2024
203692,ROSUZET Composite Pack 10mg+20mg ezetimibe 10mg tablets and rosuvastatin (as calcium) 20mg tablets composite pack,ezetimibe~rosuvastatin calcium,"Tablet~Tablet, film coated",10 mg~20.791 mg,ORGANON PHARMA PTY LTD,1800023135,Current,12/9/2024,5/10/2024,,Low,Limited Availability,Manufacturing,The sponsor is working to expedite the next shipment.,13/09/2024
203693,EZALO Composite Pack 10mg+5mg ezetimibe 10mg tablets and rosuvastatin (as calcium) 5mg tablets composite pack,ezetimibe~rosuvastatin calcium,"Tablet~Tablet, film coated",10 mg~5.198 mg,ORGANON PHARMA PTY LTD,1800023135,Current,3/7/2024,31/08/2024,,Low,Limited Availability,Manufacturing,Sponsor is working to expedite the next shipment.,5/8/2024
203694,ROSUZET Composite Pack 10mg+10mg ezetimibe 10mg tablets and rosuvastatin (as calcium) 10mg tablets composite pack,rosuvastatin calcium~ezetimibe,"Tablet~Tablet, film coated",10.396 mg~10 mg,ORGANON PHARMA PTY LTD,1800023135,Current,17/05/2024,30/09/2024,,Low,Unavailable,Manufacturing,The sponsor is working to expedite the next shipment.,2/9/2024
204154,QUETIA 100 quetiapine (as fumarate) 100 mg tablet blister pack,quetiapine fumarate,"Tablet, film coated",115.12 mg,Arrotex Pharmaceuticals Pty Ltd,1800 195 055,Resolved,1/10/2024,1/10/2024,,Low,Available,Manufacturing,,2/10/2024
204156,QUETIA 300 quetiapine (as fumarate) 300 mg tablet blister pack,quetiapine fumarate,"Tablet, film coated",345.36 mg,Arrotex Pharmaceuticals Pty Ltd,1800 195 055,Current,9/8/2024,20/06/2025,,Low,Limited Availability,Manufacturing,Alternative generic products are available.,2/10/2024
204161,QUETIAPINE SANDOZ PHARMA quetiapine (as fumarate) 25 mg tablet blister pack,quetiapine fumarate,"Tablet, film coated",28.78 mg,Sandoz Pty Ltd,1800 726 369,Resolved,23/05/2024,4/7/2024,,Low,Available,Manufacturing,,9/7/2024
204843,PHARMACOR QUETIAPINE 25 quetiapine (as fumarate) 25mg film-coated tablet blister pack,quetiapine fumarate,"Tablet, film coated",28.784 mg,Pharmacor Pty Ltd,1300138805,Resolved,2/9/2024,15/09/2024,,Low,Available,Unexpected increase in consumer demand,,19/09/2024
206044,TEMOZOLOMIDE JUNO temozolomide 100 mg capsule sachet,temozolomide,"Capsule, hard",100 mg,Juno Pharmaceuticals Pty Ltd,388881288,Resolved,28/08/2024,11/9/2024,,Low,Available,Transport / Logistic issues / Storage capacity issues,,26/09/2024
206650,LATUDA lurasidone hydrochloride 40 mg film-coated tablet blister pack,lurasidone hydrochloride,"Tablet, film coated",40 mg,Servier Laboratories (Aust) Pty Ltd,1800153590,Discontinued,,,31/01/2025,Low,Reduction in supply until supply is exhausted,Commercial Changes / Commercial viability,Alternative generic products are available.,26/09/2024
206651,LATUDA lurasidone hydrochloride 80 mg film-coated tablet blister pack,lurasidone hydrochloride,"Tablet, film coated",80 mg,Servier Laboratories (Aust) Pty Ltd,1800153590,Discontinued,,,31/01/2025,Low,Reduction in supply until supply is exhausted,Commercial Changes / Commercial viability,Alternative generic products are available.,26/09/2024
206764,ORENCIA abatacept (rch) 125 mg single dose syringe subcutaneous injection ultrasafe passive needle guard and flange extender,Abatacept,Injection,125.875 mg,Bristol-Myers Squibb Australia Pty Ltd,1800 067 567,Resolved,8/5/2024,27/08/2024,,Medium,Available,Unexpected increase in consumer demand,,28/08/2024
207986,OXYTOCIN GH Solution for Injection 10 IU/1 mL ampoule,oxytocin,"Injection, solution",10 IU/mL,Generic Health Pty Ltd,03 9809 7900,Resolved,3/7/2024,27/08/2024,,Low,Available,Transport / Logistic issues / Storage capacity issues,,3/9/2024
208441,METFORMIN XR MYLAN metformin hydrochloride 1000mg extended release tablet blister pack,metformin hydrochloride,"Tablet, modified release",1000 mg,Alphapharm Pty Ltd,1800274276,Current,28/08/2024,8/10/2024,,Low,Limited Availability,Manufacturing,Alternative generic products are available.,30/08/2024
20864,PAINSTOP NIGHT-TIME PAIN RELIEVER oral liquid bottle,codeine phosphate hemihydrate~paracetamol~promethazine hydrochloride,"Oral Liquid, solution",1 mg/mL~24 mg/mL~1.3 mg/mL,Care Pharmaceuticals Pty Ltd,1800788870,Discontinued,,,31/10/2024,Medium,Reduction in supply until supply is exhausted,Manufacturing,,30/04/2024
209155,DULOXECOR duloxetine hydrochloride 30 mg enteric capsule blister pack,duloxetine hydrochloride,"Capsule, enteric",33.66 mg,Pharmacor Pty Ltd,1300138805,Current,14/05/2024,30/09/2024,,Low,Unavailable,Unexpected increase in consumer demand,The sponsor is working to expedite the next shipment. An alternative generic product is available.,20/09/2024
209161,DULOXECOR duloxetine hydrochloride 60 mg enteric capsule blister pack,duloxetine hydrochloride,"Capsule, enteric",67.32 mg,Pharmacor Pty Ltd,1300138805,Resolved,15/05/2024,15/06/2024,,Low,Available,Unexpected increase in consumer demand,,8/7/2024
210050,PREGABALIN SANDOZ pregabalin 300mg capsule blister pack,pregabalin,Capsule,300 mg,Sandoz Pty Ltd,1800 726 369,Current,6/10/2023,17/11/2023,,Low,Unavailable,Manufacturing,Alternative brands available,9/10/2023
210521,ELOCTATE efmoroctocog alfa (rhu) 250 IU powder for injection vial and diluent pre-filled syringe,efmoroctocog alfa,"Injection, powder for",250 IU,Sanofi-Aventis Australia Pty Ltd,1800818806,Resolved,31/07/2024,21/08/2024,,Low,Available,Manufacturing,,23/08/2024
210672,"ADRENALINE-LINK 1:10,000 1mg/10mL adrenaline (epinephrine) acid tartrate injection BP pre filled syringe",adrenaline (epinephrine) acid tartrate,"Injection, solution",182 microgram/mL,Link Medical Products Pty Ltd T/A Link Pharmaceuticals,1800181060,Current,6/8/2024,20/12/2024,,Critical,Unavailable,Manufacturing,The sponsor is working to expedite the next shipment. Other dosage forms are available.,12/9/2024
210844,ESOMEPRAZOLE VIATRIS esomeprazole (as magnesium dihydrate) 40 mg enteric coated tablet blister pack,esomeprazole magnesium dihydrate,"Tablet, enteric coated",43.5 mg,Alphapharm Pty Ltd,1800274276,Resolved,10/5/2024,17/07/2024,,Low,Available,Transport / Logistic issues / Storage capacity issues,,18/07/2024
210854,ESOMEPRAZOLE VIATRIS esomeprazole (as magnesium dihydrate) 20 mg enteric coated tablet blister pack,esomeprazole magnesium dihydrate,"Tablet, enteric coated",21.75 mg,Alphapharm Pty Ltd,1800274276,Resolved,19/09/2024,19/09/2024,,Low,Available,Manufacturing,,23/09/2024
211468,HOSPIRA LEVETIRACETAM CONCENTRATE FOR IV INFUSION  levetiracetam 500 mg/5 mL concentrate for infusion vial,levetiracetam,"Injection, concentrated",500 mg,Pfizer Australia Pty Ltd,1800-675-229,Anticipated,21/10/2024,31/01/2025,,Low,Available,Manufacturing,The sponsor is closely controlling the supply. Alternative generic products are available.,4/9/2024
212048,APO-Adefovir adefovir dipivoxil 10mg tablet bottle,adefovir dipivoxil,Tablet,10 mg,Apotex Pty Ltd,1800195055,Current,27/01/2023,3/1/2025,,Medium,Unavailable,Unexpected increase in consumer demand,An unregistered product has been approved for supply under Section 19A. See the website: https://www.tga.gov.au/ws-s19a-index and search for the active ingredient.,29/07/2024
212080,BETASERT betahistine dihydrochloride 16 mg tablets blister packs,betahistine dihydrochloride,"Tablet, uncoated",16 mg,Arrotex Pharmaceuticals Pty Ltd,1800195055,Discontinued,,,6/8/2024,Medium,Unavailable,Manufacturing,Alternative generic products are available.,12/8/2024
213311,APO-IRBESARTAN irbesartan 300mg film-coated tablet blister pack,irbesartan,"Tablet, film coated",300 mg,Arrotex Pharmaceuticals Pty Ltd,1800 195 055,Anticipated,31/01/2025,21/02/2025,,Low,Available,Manufacturing,Alternative generic products are available.,16/09/2024
213721,APO-ESCITALOPRAM escitalopram (as oxalate) 10 mg tablet blister,escitalopram oxalate,"Tablet, film coated",12.74 mg,Arrotex Pharmaceuticals Pty Ltd,1800 195 055,Current,12/4/2024,24/01/2025,,Low,Unavailable,Transport / Logistic issues / Storage capacity issues,Alternative generic products are available.,7/8/2024
213722,APO-ESCITALOPRAM escitalopram (as oxalate) 20 mg tablet blister,escitalopram oxalate,"Tablet, film coated",25.47 mg,Arrotex Pharmaceuticals Pty Ltd,1800 195 055,Current,19/07/2024,24/01/2025,,Low,Unavailable,Manufacturing,Alternative generic products are available.,7/8/2024
213737,METHOTREXATE ACCORD methotrexate 1000mg/10mL injection vial,methotrexate,"Injection, solution",100 mg/mL,Accord Healthcare Pty Ltd,1800 222 673,Current,4/9/2024,11/10/2024,,Low,Limited Availability,Manufacturing,Sponsor is working to expedite the next shipment. Alternative generic products are available.,6/9/2024
214089,SEVREDOL morphine sulfate pentahydrate 20mg tablet blister pack,morphine sulfate pentahydrate,"Tablet, film coated",20 mg,Mundipharma Pty Ltd,1800 188 009,Discontinued,,,28/03/2024,Low,Unavailable,Commercial Changes / Commercial viability,Alternative products are available.,5/7/2024
215706,PHARMACOR AMLODIPINE amlodipine (as besilate) 10 mg tablet blister pack,amlodipine besilate,Tablet,13.87 mg,Pharmacor Pty Ltd,1300138805,Resolved,22/05/2024,1/9/2024,,Low,Available,Manufacturing,,10/9/2024
215923,CILATIL tadalafil 5mg film-coated tablets blister pack,tadalafil,"Tablet, film coated",5 mg,Alphapharm Pty Ltd,1800274276,Resolved,24/06/2024,17/07/2024,,Low,Available,Manufacturing,,18/07/2024
215926,CILATIL tadalafil 20mg film-coated tablets blister pack,tadalafil,"Tablet, film coated",20 mg,Alphapharm Pty Ltd,1800274276,Current,18/06/2024,18/10/2024,,Low,Limited Availability,Manufacturing,The sponsor is closely controlling the supply.,23/09/2024
216024,Midazolam-Baxter midazolam (as hydrochloride) 5mg/1 mL solution for injection ampoule,midazolam,"Injection, solution",5 mg/mL,Baxter Healthcare Pty Ltd,1300302409,Discontinued,,,31/01/2025,Low,Reduction in supply until supply is exhausted,Commercial Changes / Commercial viability,Alternative generic products are available.,24/09/2024
216025,Midazolam-Baxter midazolam (as hydrochloride) 5mg/5 mL solution for injection ampoule,midazolam,"Injection, solution",1 mg/mL,Baxter Healthcare Pty Ltd,1300302409,Discontinued,,,31/05/2025,Low,Reduction in supply until supply is exhausted,Commercial Changes / Commercial viability,Alternative generic products are available.,24/09/2024
216027,Midazolam-Baxter midazolam (as hydrochloride) 50 mg/10 mL solution for injection ampoule,midazolam,"Injection, solution",5 mg/mL,Baxter Healthcare Pty Ltd,1800 229 837,Discontinued,,,1/12/2023,Low,Unavailable,Commercial Changes / Commercial viability,,12/7/2023
216956,ATOZET ezetimibe/atorvastatin 10mg/20mg tablet blister pack,atorvastatin calcium trihydrate~ezetimibe,"Tablet, multilayer",21.7 mg~10 mg,ORGANON PHARMA PTY LTD,1800023135,Current,7/6/2024,31/12/2024,,Low,Unavailable,Manufacturing,Alternative generic products are available.,7/6/2024
216958,ATOZET ezetimibe/atorvastatin 10mg/40mg tablet blister pack,ezetimibe~atorvastatin calcium trihydrate,"Tablet, multilayer",10 mg~43.4 mg,ORGANON PHARMA PTY LTD,1800023135,Current,17/01/2024,31/12/2024,,Low,Unavailable,Manufacturing,Sponsor is working to expedite the next shipment.,2/7/2024
216961,ATOZET ezetimibe/atorvastatin 10mg/10mg tablet blister pack,atorvastatin calcium trihydrate~ezetimibe,"Tablet, multilayer",10.9 mg~10 mg,ORGANON PHARMA PTY LTD,1800023135,Current,19/09/2024,25/10/2024,,Low,Unavailable,Manufacturing,The sponsor is working to expedite the next shipment.,26/09/2024
216962,ATOZET ezetimibe/atorvastatin 10mg/80mg tablet blister pack,atorvastatin calcium trihydrate~ezetimibe,"Tablet, multilayer",86.8 mg~10 mg,ORGANON PHARMA PTY LTD,1800023135,Current,7/6/2024,31/12/2024,,Low,Unavailable,Manufacturing,Sponsor is working to expedite the next shipment.,11/6/2024
217105,APO-BETAHISTINE betahistine dihydrochloride 16 mg uncoated tablet blister pack,betahistine dihydrochloride,"Tablet, uncoated",16 mg,Arrotex Pharmaceuticals Pty Ltd,1800195055,Discontinued,,,6/8/2024,Medium,Unavailable,Manufacturing,Alternative generic products are available.,9/8/2024
217150,XALAMOL 50/5 latanoprost 50 microgram/mL + timolol (as maleate) 5 mg/mL eye drops bottle,latanoprost~timolol maleate,"Eye Drops, solution",50 microgram/mL~6.83 mg/mL,Viatris Pty Ltd,1800 314 527,Resolved,14/11/2023,5/9/2024,,Low,Available,Unexpected increase in consumer demand,,5/9/2024
217151,XALAPROST latanoprost 50 microgram/mL eye drops bottle,latanoprost,"Eye Drops, solution",50 microgram/mL,Viatris Pty Ltd,1800 314 527,Resolved,22/11/2023,16/08/2024,,Low,Available,Unexpected increase in consumer demand,,16/08/2024
217762,TRUST ANALGESIC CALMATIVE paracetamol 500mg + codeine phosphate hemihydrate 10mg + doxylamine succinate 5.1mg tablets blister pack,codeine phosphate hemihydrate~doxylamine succinate~paracetamol,"Tablet, uncoated",10 mg~5.1 mg~500 mg,Pharmacor Pty Ltd,1300138805,Current,17/05/2024,1/10/2024,,Low,Unavailable,Manufacturing,Alternative generic products are available.,13/08/2024
217965,TRULICITY dulaglutide (rch) 1.5 mg/0.5 mL solution for injection prefilled pen,dulaglutide,"Injection, solution",1.5 mg,Eli Lilly Australia Pty Ltd,1800454559,Current,27/06/2022,30/06/2025,,Medium,Limited Availability,Manufacturing,A TGA web statement is available at: www.tga.gov.au/trulicity-shortage The sponsor is closely monitoring stock levels and releasing stock to wholesalers as equitably as possible. An unregistered product has been approved for supply under Section 19A. See the website: https://www.tga.gov.au/ws-s19a-index and search for the active ingredient.,18/09/2024
217985,APO-DULOXETINE duloxetine (as hydrochloride) 30 mg enteric capsule blister pack,duloxetine hydrochloride,"Capsule, enteric",33.65 mg,Arrotex Pharmaceuticals Pty Ltd,1800 195 055,Current,13/09/2024,25/10/2024,,Low,Unavailable,Manufacturing,The sponsor is working to expedite the next shipment.,24/09/2024
217986,APO-DULOXETINE duloxetine (as hydrochloride) 60 mg enteric capsule blister pack,duloxetine hydrochloride,"Capsule, enteric",67.3 mg,Arrotex Pharmaceuticals Pty Ltd,1800 195 055,Resolved,14/06/2024,19/07/2024,,Low,Available,Manufacturing,,25/07/2024
219059,PIAX PLUS ASPIRIN 75/100 clopidogrel (as hydrogen sulfate) and aspirin 75 mg/100 mg uncoated tablet blister pack,clopidogrel hydrogen sulfate~aspirin,Tablet,97.87 mg~100 mg,Medis Pharma Pty Ltd,+61 2 9251 1088,Current,23/02/2024,31/10/2024,,Low,Limited Availability,Manufacturing,Alternative generic products are available.,12/8/2024
219146,LENEST 20 ED levonorgestrel/ethinylestradiol 100 microgram/20 microgram tablet blister composite pack,levonorgestrel~ethinylestradiol,Tablet,.1 mg~.02 mg,Alphapharm Pty Ltd,1800274276,Discontinued,,,31/01/2024,Low,Reduction in supply until supply is exhausted,Commercial Changes / Commercial viability,Alternative generic products are available.,29/01/2024
219556,PACLITAXEL ACCORD paclitaxel 300 mg/50 mL concentrated injection vial,paclitaxel,"Injection, concentrated",300 mg,Accord Healthcare Pty Ltd,1800 222 673,Current,10/7/2024,11/10/2024,,Low,Unavailable,Manufacturing,The sponsor is working to expedite the next shipment.,1/10/2024
219946,CLINDAMYCIN BNM clindamycin (as hydrochloride) 150 mg capsule blister pack,clindamycin hydrochloride,"Capsule, hard",162.87 mg,Boucher & Muir Pty Ltd,1800 627 680,Discontinued,,,1/8/2024,Low,Reduction in supply until supply is exhausted,Commercial Changes / Commercial viability,Alternative generic products are available.,4/3/2024
220024,RIXALT rizatriptan (as benzoate) 10 mg orally disintegrating tablet blister pack,rizatriptan benzoate,"Tablet, orally disintegrating",14.53 mg,Arrotex Pharmaceuticals Pty Ltd,1800 195 055,Current,26/07/2024,20/12/2024,,Low,Unavailable,Transport / Logistic issues / Storage capacity issues,The sponsor is working to expedite the next shipment. Alternative generic products are available.,30/08/2024
220030,APO-RIZATRIPTAN ODT rizatriptan (as benzoate) 10 mg orally disintegrating tablet blister pack,rizatriptan benzoate,"Tablet, orally disintegrating",14.53 mg,Arrotex Pharmaceuticals Pty Ltd,1800195055,Current,12/1/2024,18/10/2024,,Low,Unavailable,Manufacturing,The sponsor is working to expedite the next shipment. Alternative generic products are available.,16/09/2024
220107,XELEVIA sitagliptin (as phosphate monohydrate) 100 mg film-coated tablet blister pack,sitagliptin phosphate monohydrate,"Tablet, film coated",128.5 mg,Merck Sharp & Dohme (Australia) Pty Ltd,289888000,Discontinued,,,9/1/2024,Low,Reduction in supply until supply is exhausted,Manufacturing,This product will be replaced with an alternative ARTG product - XELEVIA sitagliptin 100 mg (as phosphate monohydrate) tablet blister pack AUST R 408438,15/01/2024
220108,XELEVIA sitagliptin (as phosphate monohydrate) 50 mg film-coated tablet blister pack,sitagliptin phosphate monohydrate,"Tablet, film coated",64.25 mg,Merck Sharp & Dohme (Australia) Pty Ltd,289888000,Discontinued,,,31/01/2024,Low,Reduction in supply until supply is exhausted,Manufacturing,This product will be replaced with an alternative ARTG product - XELEVIA sitagliptin 50 mg (as phosphate monohydrate) tablet blister pack AUST R 408439,22/08/2023
220109,XELEVIA sitagliptin (as phosphate monohydrate) 25 mg film-coated tablet blister pack,sitagliptin phosphate monohydrate,"Tablet, film coated",32.13 mg,Merck Sharp & Dohme (Australia) Pty Ltd,289888000,Discontinued,,,31/01/2024,Low,Reduction in supply until supply is exhausted,Manufacturing,This product will be replaced with an alternative ARTG product - XELEVIA sitagliptin 25 mg (as phosphate monohydrate) tablet blister pack AUST R 408440,22/08/2023
220320,3% CITANEST DENTAL WITH OCTAPRESSIN 2.2mL injection cartridge,prilocaine hydrochloride~felypressin,"Injection, solution",30 mg/mL~.54 microgram/mL,Dentsply Sirona Pty Ltd,1300 552 929,Resolved,14/06/2024,16/08/2024,,Critical,Available,Manufacturing,,22/08/2024
220997,NortriTABS nortriptyline (as hydrochloride) 25 mg uncoated tablet blister pack,nortriptyline hydrochloride,"Tablet, uncoated",28.5 mg,Amdipharm Mercury Australia Pty Ltd,1800627680,Discontinued,,,31/12/2024,Low,Unavailable,Manufacturing,Alternative generic product is available.,19/08/2024
220998,NortriTABS nortriptyline (as hydrochloride) 10 mg uncoated tablet blister pack,nortriptyline hydrochloride,"Tablet, uncoated",11.4 mg,Amdipharm Mercury Australia Pty Ltd,1800 627 680,Discontinued,,,31/12/2024,Low,Unavailable,Manufacturing,An alternative brand is available.,19/08/2024
221063,APO-OLMESARTAN olmesartan medoxomil 40 mg film coated tablets blister pack,olmesartan medoxomil,"Tablet, film coated",40 mg,Arrotex Pharmaceuticals Pty Ltd,1800 195 055,Anticipated,20/12/2024,24/01/2025,,Low,Available,Manufacturing,Alternative generic products are available.,16/09/2024
221079,ZIPRASIDONE GH ziprasidone (as hydrochloride) 60 mg capsule blister pack,ziprasidone hydrochloride,"Capsule, hard",65.16 mg,Generic Health Pty Ltd,03 9809 7900,Current,29/02/2024,20/10/2024,,Low,Unavailable,Transport / Logistic issues / Storage capacity issues,Alternative generic products are available.,3/7/2024
221121,APO-OLMESARTAN HCTZ 40/25 olmesartan medoxomil/hydrochlorothiazide 40/25 mg film coated tablets blister pack,olmesartan medoxomil~hydrochlorothiazide,"Tablet, film coated",40 mg~25 mg,Arrotex Pharmaceuticals Pty Ltd,1800 195 055,Anticipated,13/12/2024,24/01/2025,,Low,Available,Manufacturing,,16/09/2024
222348,TRANEXAMIC ACID JUNO tranexamic acid 1000 mg/10 mL solution for injection ampoule,tranexamic acid,"Injection, solution",1000 mg,Juno Pharmaceuticals Pty Ltd,388881288,Anticipated,1/11/2024,1/2/2025,,Low,Available,Commercial Changes / Commercial viability,Alternative generic products are available.,27/09/2024
222413,CISATRACURIUM ACCORD cisatracurium (as besilate) 150 mg / 30 mL solution for injection vial,cisatracurium besilate,"Injection, solution",201 mg,Accord Healthcare Pty Ltd,1800 222 673,Discontinued,,,19/09/2024,Low,Unavailable,Manufacturing,,19/09/2024
222415,PEMETREXED ACCORD pemetrexed (as disodium) 500 mg powder for injection vial,pemetrexed disodium,"Injection, powder for",551.45 mg,Accord Healthcare Pty Ltd,1800 222 673,Discontinued,,,19/02/2024,Low,Unavailable,Commercial Changes / Commercial viability,Alternative generic products are available.,26/02/2024
223371,VECURONIUM SUN vecuronium bromide 10mg powder for injection vial,vecuronium bromide,"Injection, powder for",10 mg,Sun Pharma ANZ Pty Ltd,298872600,Resolved,1/11/2023,15/07/2024,,Low,Available,Manufacturing,,23/07/2024
223448,APO-SIMVASTATIN simvastatin 10 mg tablet blister pack,simvastatin,"Tablet, film coated",10 mg,Arrotex Pharmaceuticals Pty Ltd,1800 195 055,Anticipated,6/12/2024,14/02/2025,,Low,Available,Manufacturing,Alternative generic products are available.,12/9/2024
223449,APO-SIMVASTATIN simvastatin 20 mg tablet blister pack,simvastatin,"Tablet, film coated",20 mg,Arrotex Pharmaceuticals Pty Ltd,1800 195 055,Anticipated,1/11/2024,14/02/2025,,Low,Available,Manufacturing,The sponsor is working to expedite the next shipment. Alternative generic products are available.,17/09/2024
223450,APO-SIMVASTATIN simvastatin 40 mg tablet blister pack,simvastatin,"Tablet, film coated",40 mg,Arrotex Pharmaceuticals Pty Ltd,1800 195 055,Anticipated,18/10/2024,14/02/2025,,Low,Available,Manufacturing,Alternative generic products are available.,13/09/2024
223451,APO-SIMVASTATIN simvastatin 80 mg tablet blister pack,simvastatin,"Tablet, film coated",80 mg,Arrotex Pharmaceuticals Pty Ltd,1800 195 055,Anticipated,31/01/2025,11/4/2025,,Low,Available,Manufacturing,Alternative generic products are available.,2/10/2024
223707,MILRINONE-BAXTER milrinone (as lactate) 10 mg/10 mL concentrated injection ampoule,milrinone,"Injection, concentrated",10 mg,Baxter Healthcare Pty Ltd,1300302409,Current,18/09/2024,7/10/2024,,Low,Limited Availability,Manufacturing,The sponsor is closely controlling the supply. An alternative generic product is available.,23/09/2024
225698,B. BRAUN MIDAZOLAM midazolam (as hydrochloride) 15 mg/3 mL Solution for Injection ampoule,midazolam hydrochloride,"Injection, solution",5.56 mg/mL,B Braun Australia Pty Ltd,61407660243,Discontinued,,,5/4/2024,Low,Unavailable,Commercial Changes / Commercial viability,Alternative generic products are available.,11/4/2024
226579,APO-CITALOPRAM citalopram 40 mg (as hydrobromide) tablet blister pack,citalopram hydrobromide,"Tablet, film coated",49.98 mg,Arrotex Pharmaceuticals Pty Ltd,1800 195 055,Anticipated,18/10/2024,18/04/2025,,Low,Available,Manufacturing,,12/9/2024
226791,GLYBOSAY acarbose 100 mg tablet blister pack,acarbose,Tablet,100 mg,Arrotex Pharmaceuticals Pty Ltd,1800195055,Current,4/3/2024,21/03/2025,,Low,Limited Availability,Manufacturing,An alternative generic product is available.,10/7/2024
226792,GLYBOSAY acarbose 50 mg tablet blister pack,acarbose,Tablet,50 mg,Arrotex Pharmaceuticals Pty Ltd,1800 195 055,Current,2/9/2024,21/03/2025,,Low,Unavailable,Manufacturing,The sponsor is working to expedite next shipment,13/09/2024
226796,ACARBOSE VIATRIS acarbose 50 mg tablet blister pack,acarbose,Tablet,50 mg,Arrotex Pharmaceuticals Pty Ltd,1800195055,Current,8/7/2024,28/03/2025,,Low,Unavailable,Manufacturing,,16/08/2024
226859,CISATRACURIUM JUNO cisatracurium (as besilate) 150mg/30mL Solution for Injection vial,cisatracurium besilate,"Injection, solution",211.05 mg,Juno Pharmaceuticals Pty Ltd,03 8888 1288,Discontinued,,,1/5/2024,Low,Reduction in supply until supply is exhausted,Commercial Changes / Commercial viability,Alternative generic product is available,13/10/2023
227418,ENTECAVIR SANDOZ entecavir (as monohydrate) 1 mg film-coated tablet blister pack,entecavir,"Tablet, film coated",1 mg,Sandoz Pty Ltd,1800 726 369,Current,14/03/2024,30/10/2024,,Low,Unavailable,Manufacturing,Alternative generic products are available.,31/07/2024
22779,ANSTO Health Chromium (51Cr) Edetate 8MBq/mL injection BP vial,chromium(51Cr) edetate,"Injection, solution",8 MBq/mL,Australian Nuclear Science and Technology Organisation T/A ANSTO,1800251572,Current,25/03/2024,30/10/2024,,Medium,Unavailable,Manufacturing,Sponsor is working to expedite the next shipment.,1/8/2024
227798,PALADOPT olopatadine (as hydrochloride) 1 mg/mL eye drop bottle,olopatadine hydrochloride,Eye Drops,1.11 mg/mL,Viatris Pty Ltd,1800314527,Current,27/04/2020,31/12/2025,,Low,Unavailable,Manufacturing,An alternative generic product is available.,23/08/2024
227805,DESVENLAFAXINE GH XR  desvenlafaxine (as benzoate) 50 mg extended release tablets blister pack,desvenlafaxine benzoate,"Tablet, modified release",73.16 mg,Lupin Australia Pty Limited,03 9809 7922,Resolved,5/7/2024,26/07/2024,,Low,Available,Manufacturing,,1/8/2024
227833,OXYCODONE BNM oxycodone hydrochloride 10mg capsule blister pack,oxycodone hydrochloride,"Capsule, hard",10 mg,Boucher & Muir Pty Ltd,1800627680,Resolved,8/1/2023,16/08/2024,,Low,Available,Commercial Changes / Commercial viability,,20/08/2024
227841,OXYCODONE BNM oxycodone hydrochloride 20mg capsule blister pack,oxycodone hydrochloride,"Capsule, hard",20 mg,Boucher & Muir Pty Ltd,1800627680,Current,31/01/2023,31/03/2025,,Low,Unavailable,Commercial Changes / Commercial viability,,20/08/2024
227847,OXYCODONE BNM oxycodone hydrochloride 5mg capsule blister pack,oxycodone hydrochloride,"Capsule, hard",5 mg,Boucher & Muir Pty Ltd,1800627680,Resolved,31/01/2023,16/08/2024,,Low,Available,Commercial Changes / Commercial viability,,20/08/2024
227965,CEFEPIME KABI cefepime (as hydrochloride) 2 g powder for injection vial,cefepime hydrochloride monohydrate,"Injection, powder for",2378.5 mg,Fresenius Kabi Australia Pty Ltd,02 9391 5555,Current,31/07/2024,31/12/2024,,Critical,Limited Availability,Manufacturing,An alternative brand is available.,1/8/2024
227966,CEFEPIME KABI cefepime (as hydrochloride) 1 g powder for injection vial,cefepime hydrochloride monohydrate,"Injection, powder for",1189.2 mg,Fresenius Kabi Australia Pty Ltd,02 9391 5555,Anticipated,7/11/2024,31/01/2025,,Critical,Available,Manufacturing,,30/09/2024
227997,EPIRUBICIN ACCORD epirubicin hydrochloride 200mg/100mL concentrated injection vial,epirubicin hydrochloride,"Injection, concentrated",200 mg,Accord Healthcare Pty Ltd,1800 222 673,Current,9/4/2024,30/10/2024,,Medium,Unavailable,Manufacturing,The sponsor is working to expedite the next shipment. An alternative product may be available via the Special Access Scheme: https://www.tga.gov.au/form/special-access-scheme,26/09/2024
230444,FENOFIBRATE VIATRIS fenofibrate 48 mg tablet blister pack,fenofibrate,Tablet,48 mg,Viatris Pty Ltd,1800 314 527,Current,25/09/2024,15/11/2024,,Low,Limited Availability,Manufacturing,Alternative generic products are available.,27/09/2024
231039,BEMFOLA follitropin alfa (rch) 75 IU/0.125 mL (5.5 microgram) solution for injection cartridge in a pre-filled pen,Follitropin alfa,"Injection, solution",75 IU,Gedeon Richter Australia Pty Ltd,1300 433 366,Anticipated,15/10/2024,30/04/2025,,Low,Available,Manufacturing,Sponsor is working to expedite the next shipment.,19/09/2024
231046,BEMFOLA follitropin alfa (rch) 150 IU/0.25 mL (11 microgram) solution for injection cartridge in a pre-filled pen,Follitropin alfa,"Injection, solution",150 IU,Gedeon Richter Australia Pty Ltd,1300 433 366,Anticipated,1/2/2025,30/04/2025,,Low,Available,Manufacturing,Sponsor is working to expedite the next shipment.,19/09/2024
231523,APO-TEMOZOLOMIDE temozolomide 5 mg capsule bottle,temozolomide,"Capsule, hard",5 mg,Arrotex Pharmaceuticals Pty Ltd,1800195055,Current,19/04/2024,27/12/2024,,Low,Unavailable,Manufacturing,An alternative generic product is available.,23/08/2024
231525,APO-TEMOZOLOMIDE temozolomide 180 mg capsule bottle,temozolomide,"Capsule, hard",180 mg,Arrotex Pharmaceuticals Pty Ltd,1800 195 055,Resolved,14/08/2024,14/08/2024,,Low,Available,Manufacturing,,15/08/2024
231527,APO-TEMOZOLOMIDE temozolomide 100 mg capsule bottle,temozolomide,"Capsule, hard",100 mg,Arrotex Pharmaceuticals Pty Ltd,1800 195 055,Anticipated,30/08/2024,20/09/2024,,Low,Available,Transport / Logistic issues / Storage capacity issues,,8/8/2024
232028,NUCALA mepolizumab 100 mg powder for injection,Mepolizumab,"Injection, powder for",100 mg,GlaxoSmithKline Australia Pty Ltd,1800033109,Discontinued,,,1/8/2024,Low,Reduction in supply until supply is exhausted,Commercial Changes / Commercial viability,Alternative product by same sponsor available - NUCALA mepolizumab 100 mg solution for injection in pre-filled pen (ARTG: 317304),15/03/2024
232437,ZEKLEN 10 mg/20 mg ezetimibe 10 mg and simvastatin 20 mg tablet blister pack,simvastatin~ezetimibe,"Tablet, uncoated",20 mg~10 mg,ORGANON PHARMA PTY LTD,1800023135,Discontinued,,,2/9/2024,Low,Reduction in supply until supply is exhausted,Commercial Changes / Commercial viability,,6/10/2023
232438,ZEKLEN 10 mg/40 mg ezetimibe 10 mg and simvastatin 40 mg tablet blister pack,ezetimibe~simvastatin,"Tablet, uncoated",10 mg~40 mg,ORGANON PHARMA PTY LTD,1800023135,Discontinued,,,28/06/2024,Low,Reduction in supply until supply is exhausted,Commercial Changes / Commercial viability,,6/10/2023
232439,ZEKLEN 10 mg/80 mg ezetimibe 10 mg and simvastatin 80 mg tablet blister pack,simvastatin~ezetimibe,"Tablet, uncoated",80 mg~10 mg,ORGANON PHARMA PTY LTD,1800023135,Discontinued,,,1/7/2024,Low,Reduction in supply until supply is exhausted,Commercial Changes / Commercial viability,,6/10/2023
232497,ZIENT ezetimibe 10mg tablet blister pack,ezetimibe,Tablet,10 mg,ORGANON PHARMA PTY LTD,1800023135,Resolved,10/7/2024,16/07/2024,,Low,Available,Unexpected increase in consumer demand,,16/07/2024
233034,ZEKLEN 10 mg/10 mg ezetimibe 10 mg and simvastatin 10 mg tablet blister pack,ezetimibe~simvastatin,"Tablet, uncoated",10 mg~10 mg,ORGANON PHARMA PTY LTD,1800023135,Discontinued,,,2/12/2024,Low,Reduction in supply until supply is exhausted,Commercial Changes / Commercial viability,,6/10/2023
233648,ACICLOVIR VIATRIS aciclovir (as sodium) 500 mg powder for injection vial,aciclovir sodium dihydrate,"Injection, powder for",628.8 mg,Alphapharm Pty Ltd,1800 274 276,Resolved,8/7/2024,9/7/2024,,Critical,Available,Unexpected increase in demand due to other sponsors unable to supply,,9/7/2024
233649,ACICLOVIR VIATRIS aciclovir (as sodium) 250 mg powder for injection vial,aciclovir sodium dihydrate,"Injection, powder for",314.4 mg,Alphapharm Pty Ltd,1800274276,Resolved,24/06/2024,9/7/2024,,Critical,Available,Unexpected increase in consumer demand,,9/7/2024
233814,Pemetrexed SUN pemetrexed (as disodium) 100mg/vial powder for injection vial,pemetrexed disodium,"Injection, powder for",110.28 mg,Sun Pharma ANZ Pty Ltd,298872600,Current,23/11/2022,6/1/2025,,Low,Unavailable,Manufacturing,Alternative generic products are available.,27/08/2024
233816,Pemetrexed SUN pemetrexed (as disodium) 500mg/vial powder for injection vial,pemetrexed disodium,"Injection, powder for",551.4 mg,Sun Pharma ANZ Pty Ltd,298872600,Current,1/8/2023,5/1/2025,,Low,Unavailable,Manufacturing,Alternative generic products are available.,27/08/2024
233817,Pemetrexed SUN pemetrexed (as disodium) 1000mg/vial powder for injection vial,pemetrexed disodium,"Injection, powder for",1102.8 mg,Sun Pharma ANZ Pty Ltd,298872600,Current,1/11/2023,6/1/2025,,Low,Unavailable,Manufacturing,Alternative generic products are available.,27/08/2024
234022,PRECEDEX READY TO USE dexmedetomidine hydrochloride 80 micrograms/20 mL injection for intravenous infusion vial,dexmedetomidine hydrochloride,"Injection, intravenous infusion",4.72 microgram/mL,Pfizer Australia Pty Ltd,1800-675-229,Discontinued,,,29/02/2024,Low,Reduction in supply until supply is exhausted,Commercial Changes / Commercial viability,,11/10/2023
234462,APO-Rosuvastatin rosuvastatin (as calcium) 10 mg tablets bottle,rosuvastatin calcium,"Tablet, film coated",10.42 mg,Accord Healthcare Pty Ltd,418348894,Resolved,8/5/2024,1/8/2024,,Low,Available,Manufacturing,,5/8/2024
234468,PHARMACOR ROSUVASTATIN 5 Rosuvastatin (as calcium) 5 mg tablets blister pack,rosuvastatin calcium,"Tablet, film coated",5.21 mg,Pharmacor Pty Ltd,1300138805,Resolved,22/07/2024,14/08/2024,,Low,Available,Manufacturing,,15/08/2024
234477,PHARMACOR ROSUVASTATIN 40 Rosuvastatin (as calcium) 40 mg tablets blister pack,rosuvastatin calcium,"Tablet, film coated",41.68 mg,Pharmacor Pty Ltd,1300138805,Resolved,24/03/2023,14/08/2024,,Low,Available,Commercial Changes / Commercial viability,,27/08/2024
234594,TALAM citalopram (as hydrobromide) 10 mg tablet blister pack,citalopram hydrobromide,"Tablet, film coated",12.495 mg,Arrotex Pharmaceuticals Pty Ltd,1800 195 055,Anticipated,27/12/2024,27/06/2025,,Low,Available,Manufacturing,An alternative generic products is available.,11/9/2024
234596,TALAM citalopram (as hydrobromide) 40 mg tablet blister pack,citalopram hydrobromide,"Tablet, film coated",49.98 mg,Arrotex Pharmaceuticals Pty Ltd,1800 195 055,Anticipated,31/01/2025,25/07/2025,,Low,Available,Manufacturing,Alternative generic products are available.,2/10/2024
234747,BUPREDERMAL buprenorphine 40 micrograms/hour transdermal drug delivery system sachet,buprenorphine,"Drug delivery system, transdermal",40 mg,Mundipharma Pty Ltd,1800 188 009,Resolved,20/09/2024,20/09/2024,,Low,Available,Transport / Logistic issues / Storage capacity issues,,24/09/2024
235572,ARX-Mycophenolate mycophenolate mofetil 500mg tablet blister pack,mycophenolate mofetil,"Tablet, film coated",500 mg,Accord Healthcare Pty Ltd,61418348894,Current,7/5/2024,20/09/2024,,Low,Unavailable,Manufacturing,,10/5/2024
235832,PHARMACOR OLMESARTAN olmesartan medoxomil 40 mg tablet blister pack,olmesartan medoxomil,Tablet,40 mg,Pharmacor Pty Ltd,1300138805,Resolved,25/06/2024,14/08/2024,,Low,Available,Manufacturing,,15/08/2024
235849,NEUROCCORD Pregabalin 75 mg capsules blister pack,pregabalin,"Capsule, hard",75 mg,Pharmacor Pty Ltd,1300138805,Resolved,24/03/2023,1/7/2024,,Low,Available,Commercial Changes / Commercial viability,,12/7/2024
235861,NEUROCCORD Pregabalin 300 mg capsules bottle pack,pregabalin,"Capsule, hard",300 mg,Pharmacor Pty Ltd,1300138805,Resolved,1/8/2023,1/7/2024,,Low,Available,Manufacturing,,12/7/2024
235883,BOSENTAN GH bosentan (as monohydrate) 125 mg film-coated tablets bottle,bosentan monohydrate,"Tablet, film coated",129.08 mg,Generic Health Pty Ltd,03 9809 7900,Current,1/12/2023,20/12/2024,,Low,Unavailable,Transport / Logistic issues / Storage capacity issues,Alternative generic product is available.,24/07/2024
235933,VORCON voriconazole 200 mg powder for injection vial,voriconazole,"Injection, powder for",200 mg,Southern Cross Pharma Pty Ltd,03 9809 7900,Current,1/4/2021,1/12/2024,,Critical,Unavailable,Manufacturing,Alternaive generic products are available.,27/08/2024
236039,ORENCIA abatacept (rch) 125 mg single dose ClickJect prefilled autoinjector,Abatacept,Injection,125.875 mg,Bristol-Myers Squibb Australia Pty Ltd,1800 067 567,Resolved,8/5/2024,6/8/2024,,Medium,Available,Manufacturing,"A Serious Scarcity Substitution Instrument (SSSI) has been implemented. Further information is available at: https://www.tga.gov.au/safety/shortages/medicine-shortage-alerts/substitution-approved-orencia-abatacept-shortages. 
An unregistered product has been approved for supply under Section 19A. See the website: https://www.tga.gov.au/ws-sl9a-index and search for the active ingredient.",7/8/2024
238285,"PRALUENT alirocumab (rch) 75mg/mL solution for injection, pre-filled pen",alirocumab,"Injection, solution",75 mg,Sanofi-Aventis Australia Pty Ltd,1800818806,Discontinued,,,14/05/2024,Medium,Reduction in supply until supply is exhausted,Manufacturing,The sponsor is closely controlling the supply.,11/4/2024
238299,PRALUENT alirocumab (rch) 150mg/mL  solution for injection  pre-filled pen,alirocumab,"Injection, solution",150 mg,Sanofi-Aventis Australia Pty Ltd,1800818806,Discontinued,,,30/04/2024,Medium,Reduction in supply until supply is exhausted,Manufacturing,The sponsor is closely controlling the supply.,11/4/2024
239214,ZOPICLONE GH zopiclone 7.5mg tablet blister pack,zopiclone,"Tablet, film coated",7.5 mg,Generic Health Pty Ltd,398097914,Discontinued,,,1/5/2024,Low,Reduction in supply until supply is exhausted,Commercial Changes / Commercial viability,,30/05/2024
241812,ZITHRO azithromycin (as dihydrate) 500 mg tablet blister pack,azithromycin dihydrate,"Tablet, film coated",524 mg,Arrotex Pharmaceuticals Pty Ltd,1800 195 055,Anticipated,15/11/2024,27/12/2024,,Low,Available,Manufacturing,The sponsor is working to expedite the next shipment. Alternative generic products are available.,30/08/2024
243554,MITOMYCIN OMEGAPHARM mitomycin powder for injection 20mg vial,mitomycin,"Injection, powder for",20 mg,Omegapharm,418351065,Current,4/9/2024,4/10/2024,,Low,Limited Availability,Manufacturing,Alternative generic products are available,4/9/2024
243632,IBAVYR ribavirin 200 mg film coated tablets bottle,ribavirin,"Tablet, film coated",200 mg,Clinect Pty Ltd,1800899005,Discontinued,,,1/1/2025,Low,Reduction in supply until supply is exhausted,Manufacturing,,1/8/2024
246025,EZETIMIBE GH ezetimibe 10 mg tablet blister pack (PVC-Aclar blister),ezetimibe,"Tablet, uncoated",10 mg,Lupin Australia Pty Limited,398097914,Current,18/09/2024,20/10/2024,,Low,Unavailable,Unexpected increase in demand due to other sponsors unable to supply,"The sponsor is working to expedite the next shipment. An unregistered product has been approved for supply under Section 19A. The approval holder, Reach Pharmaceuticals Pty Ltd, can be contacted for details on supply on 0422 429 648.",25/09/2024
25273,CYCLOGYL cyclopentolate hydrochloride 1% eye drops bottle,cyclopentolate hydrochloride,"Eye Drops, solution",10 mg/mL,Alcon Laboratories Australia Pty Ltd,1800224153,Current,30/06/2023,31/01/2025,,Medium,Unavailable,Manufacturing,Alternative products are available.,18/06/2024
25278,FLAREX fluorometholone acetate 1mg/mL eye drops suspension bottle,fluorometholone acetate,"Eye Drops, suspension",1 mg/mL,Novartis Pharmaceuticals Australia Pty Ltd,1800671203,Discontinued,,,30/06/2024,Low,Reduction in supply until supply is exhausted,Commercial Changes / Commercial viability,,13/02/2024
25297,ISOPTO CARPINE pilocarpine hydrochloride 4% eye drops bottle,pilocarpine hydrochloride,"Eye Drops, solution",40 mg/mL,Novartis Pharmaceuticals Australia Pty Ltd,1800 671 203,Resolved,8/8/2022,23/08/2022,,Medium,Available,Transport / Logistic issues / Storage capacity issues,,21/04/2023
253732,BETAHISTINE SANDOZ betahistine dihydrochloride 16mg tablet blister pack,betahistine dihydrochloride,Tablet,16 mg,Southern Cross Pharma Pty Ltd,03 9809 7900,Current,22/08/2024,25/10/2024,,Low,Unavailable,Manufacturing,The sponsor is working to expedite the next shipment. Alternative generic products are available.,30/08/2024
255080,APO-AMOXY/CLAV 875/125 amoxicillin 875 mg and clavulanic acid 125 mg tablets blister pack,potassium clavulanate~amoxicillin trihydrate,"Tablet, film coated",148.875 mg~1006.25 mg,Medreich Australia Pty Ltd,297466652,Current,14/07/2024,4/10/2024,,Low,Unavailable,Manufacturing,Alternative products are available.,29/07/2024
257757,BOSENTAN RBX bosentan (as monohydrate) 62.5 mg film-coated tablet blister pack,bosentan monohydrate,"Tablet, film coated",64.541 mg,Sun Pharma ANZ Pty Ltd,298872600,Resolved,27/06/2024,9/9/2024,,Critical,Available,Manufacturing,,9/9/2024
259572,BLOOMS THE CHEMIST IRBESARTAN HCTZ 150/12.5 irbesartan and hydrochlorothiazide 150/12.5mg tablet blister pack,hydrochlorothiazide~irbesartan,"Tablet, film coated",12.5 mg~150 mg,Arrotex Pharmaceuticals Pty Ltd,1800 195 055,Discontinued,,,6/6/2024,Low,Reduction in supply until supply is exhausted,Commercial Changes / Commercial viability,Alternative generic products are available.,7/6/2024
259592,BLOOMS THE CHEMIST IRBESARTAN HCTZ 300/12.5 irbesartan and hydrochlorothiazide 300/12.5mg tablet blister pack,hydrochlorothiazide~irbesartan,"Tablet, film coated",12.5 mg~300 mg,Arrotex Pharmaceuticals Pty Ltd,1800195055,Discontinued,,,5/3/2024,Low,Reduction in supply until supply is exhausted,Commercial Changes / Commercial viability,,22/03/2024
261062,Imatinib-DRLA imatinib (as mesilate) 100mg capsule blister pack,imatinib mesilate,"Capsule, hard",119.47 mg,Dr Reddys Laboratories Australia Pty Ltd,0427 306 107,Resolved,1/8/2024,6/8/2024,,Low,Available,Manufacturing,,7/8/2024
261212,DRAXIMAGE MAA kit for the preparation of Technetium Tc 99m Albumin Aggregated Injection,stannous chloride dihydrate~Albumin~sodium chloride~aggregated albumin,Powder,.1 mg~5 mg~1.2 mg~2.5 mg,Global Medical Solutions Australia Pty Limited T/A Radpharm Scientific,295038100,Current,5/12/2017,31/12/2025,,Medium,Unavailable,Commercial Changes / Commercial viability,,3/1/2024
261420,ASACOL mesalazine 800 mg enteric coated tablets blister pack,mesalazine,"Tablet, enteric coated",800 mg,Chiesi Australia Pty Ltd,+61 3 9077 4486,Resolved,30/05/2024,6/8/2024,,Low,Available,Transport / Logistic issues / Storage capacity issues,,9/8/2024
262428,"AFLURIA QUAD - Inactivated Quadrivalent Influenza vaccine (split virion), 60 mcg HA, Suspension for injection, pre-filled syringe with attached needle",Influenza virus haemagglutinin,"Injection, suspension",15 microgram,Seqirus Pty Ltd,1800642865,Current,15/12/2022,28/02/2023,,Low,Unavailable,Seasonal depletion of stock,Seasonal depletion of stock,3/3/2023
262525,DUAVIVE 0.45/20 conjugated estrogens/bazedoxifene (as acetate) 0.45 mg/20 mg modified release tablet blister pack,conjugated estrogens~bazedoxifene acetate,"Tablet, modified release",.45 mg~22.56 mg,Pfizer Australia Pty Ltd,1800 675 229,Current,12/5/2020,31/07/2025,,Medium,Unavailable,Commercial Changes / Commercial viability,,28/08/2024
262647,AFOLIA follitropin alfa (rch) 225 IU/0.375 mL (16.5 microgram) solution for injection cartridge in a pre-filled pen,Follitropin alfa,"Injection, solution",225 IU,Gedeon Richter Australia Pty Ltd,1300 433 366,Discontinued,,,31/12/2024,Low,Reduction in supply until supply is exhausted,Commercial Changes / Commercial viability,An alternative generic product is available.,6/9/2024
263045,Ezetimibe Sandoz ezetimibe 10mg tablet blister pack,ezetimibe,Tablet,10 mg,Sandoz Pty Ltd,1800 726 369,Current,4/12/2023,15/11/2024,,Low,Unavailable,Manufacturing,"The sponsor is working to expedite the next shipment. An unregistered product has been approved for supply under Section 19A. The approval holder, Reach Pharmaceuticals Pty Ltd, can be contacted for details on supply on 0422 429 648.",24/09/2024
263081,PREGABALIN-DRLA pregabalin 75 mg capsule blister pack,pregabalin,"Capsule, hard",75 mg,Dr Reddys Laboratories Australia Pty Ltd,0427 306 107,Resolved,24/06/2024,12/7/2024,,Low,Available,Transport / Logistic issues / Storage capacity issues,,15/07/2024
263212,APO-EZETIMIBE ezetimibe 10mg tablet blister pack,ezetimibe,"Tablet, uncoated",10 mg,Arrotex Pharmaceuticals Pty Ltd,1800 195 055,Current,20/08/2024,18/10/2024,,Low,Unavailable,Manufacturing,"The sponsor is working to expedite the next shipment. An unregistered product has been approved for supply under Section 19A. The approval holder, Reach Pharmaceuticals Pty Ltd, can be contacted for details on supply on 0422 429 648.",24/09/2024
263217,APO-EZETIMIBE  ezetimibe 10mg tablet bottle pack,ezetimibe,"Tablet, uncoated",10 mg,Arrotex Pharmaceuticals Pty Ltd,1800 195 055,Current,19/07/2024,11/10/2024,,Low,Unavailable,Transport / Logistic issues / Storage capacity issues,"The sponsor is working to expedite the next shipment. An unregistered product has been approved for supply under Section 19A. The approval holder, Reach Pharmaceuticals Pty Ltd, can be contacted for details on supply on 0422 429 648.",24/09/2024
263224,EZEMICHOL ezetimibe 10mg tablet blister pack,ezetimibe,"Tablet, uncoated",10 mg,Arrotex Pharmaceuticals Pty Ltd,1800 195 055,Current,20/08/2024,25/10/2024,,Low,Limited Availability,Manufacturing,"The sponsor is working to expedite the next shipment. An unregistered product has been approved for supply under Section 19A. The approval holder, Reach Pharmaceuticals Pty Ltd, can be contacted for details on supply on 0422 429 648.",24/09/2024
265774,AZACITIDINE ACCORD azacitidine100mg powder for injection vial,azacitidine,"Injection, powder for",100 mg,Accord Healthcare Pty Ltd,1800 222 673,Current,13/09/2024,18/10/2024,,Low,Limited Availability,Manufacturing,The sponsor is working to expedite the next shipment. Alternative generic products are available.,16/09/2024
265776,APO-CLONIDINE clonidine hydrochloride 100 micrograms tablet bottle,clonidine hydrochloride,Tablet,100 microgram,Southern Cross Pharma Pty Ltd,398097914,Current,9/9/2024,18/10/2024,,Low,Unavailable,Unexpected increase in consumer demand,Alternative generic products are available.,10/9/2024
265834,TENOFOVIR DISOPROXIL EMTRICITABINE VIATRIS 300/200 tenofovir disoproxil maleate 300 mg and emtricitabine 200 mg film coated tablet bottle,tenofovir disoproxil maleate~emtricitabine,"Tablet, film coated",300 mg~200 mg,Alphapharm Pty Ltd,1800274276,Current,20/05/2024,31/10/2024,,Low,Unavailable,Manufacturing,The sponsor is closely controlling the supply. An unregistered product has been approved for supply under Section 19A. The approval holder Phero Pharma Pty Ltd can be contacted on 1800 720 020 for enquiries about supply.,17/09/2024
266676,APO-ANASTROZOLE anastrozole 1 mg film-coated tablet blister pack,anastrozole,"Tablet, film coated",1 mg,Arrotex Pharmaceuticals Pty Ltd,1800 195 055,Anticipated,24/01/2025,25/04/2025,,Low,Available,Manufacturing,The sponsor is working to expedite the next shipment. Alternative generic products are available.,16/09/2024
267013,VORICONAZOLE WOCKHARDT voriconazole 200 mg powder for injection vial,voriconazole,"Injection, powder for",200 mg,Wockhardt Bio Pty Ltd,02 9846 1900,Current,1/4/2023,31/12/2024,,Critical,Unavailable,Commercial Changes / Commercial viability,Alternative generic products are available,28/05/2024
267494,AXOTIDE CFC-Free fluticasone propionate 125 microgram/dose inhalation metered dose aerosol can,fluticasone propionate,"Inhalation, pressurised",125 microgram/actuation,GlaxoSmithKline Australia Pty Ltd,1800033109,Resolved,3/7/2024,15/07/2024,,Low,Available,Unexpected increase in consumer demand,,16/07/2024
267572,"ROPIVACAINE READYFUSOR ropivacaine hydrochloride 0.2% solution for injection, bottle in dispenser device",ropivacaine hydrochloride monohydrate,"Injection, solution",2.116 mg/mL,BioQ Pharma Pty Ltd,1800 791 660,Current,3/8/2022,1/5/2023,,Medium,Unavailable,Commercial Changes / Commercial viability,,9/2/2023
268772,AVSARTAN irbesartan 300 mg film-coated tablet blister pack,irbesartan,"Tablet, film coated",300 mg,Arrotex Pharmaceuticals Pty Ltd,1800 195 055,Current,12/6/2024,9/8/2024,,Low,Limited Availability,Manufacturing,Alternative generic products are available.,19/06/2024
268774,AVSARTAN irbesartan 150 mg film-coated tablet blister pack,irbesartan,"Tablet, film coated",150 mg,Arrotex Pharmaceuticals Pty Ltd,1800 195 055,Current,13/09/2024,25/10/2024,,Low,Unavailable,Manufacturing,Alternative generic products are available.,16/09/2024
270515,FLUTICASONE CIPLA INHALER fluticasone propionate 125 microgram/actuation inhalation pressurised aerosol can metered dose,fluticasone propionate,"Inhalation, pressurised",125 microgram/actuation,Cipla Australia Pty Ltd,396964413,Current,3/11/2023,15/10/2024,,Low,Unavailable,Manufacturing,Alternative brand available.,27/09/2024
272632,DILAUDID hydromorphone hydrochloride 2mg/1mL injection ampoule,hydromorphone hydrochloride,"Injection, solution",2 mg/mL,Mundipharma Pty Ltd,1800 188 009,Discontinued,,,15/01/2025,Low,Reduction in supply until supply is exhausted,Commercial Changes / Commercial viability,Alternative generic products are available.,23/09/2024
272633,DILAUDID-HP hydromorphone hydrochloride 10mg/1mL injection ampoule,hydromorphone hydrochloride,"Injection, solution",10 mg/mL,Mundipharma Pty Ltd,1800 188 009,Discontinued,,,28/02/2025,Low,Reduction in supply until supply is exhausted,Commercial Changes / Commercial viability,Alternative generic products are available.,23/09/2024
272634,DILAUDID-HP hydromorphone hydrochloride 50mg/1mL injection ampoule,hydromorphone hydrochloride,"Injection, concentrated",50 mg/mL,Mundipharma Pty Ltd,1800 188 009,Discontinued,,,30/12/2025,Low,Reduction in supply until supply is exhausted,Commercial Changes / Commercial viability,An alternative generic product is available.,23/09/2024
272662,AVSARTAN HCT 300/25 irbesartan 300 mg and hydrochlorothiazide 25 mg tablets blister pack,hydrochlorothiazide~irbesartan,"Tablet, film coated",25 mg~300 mg,Arrotex Pharmaceuticals Pty Ltd,1800 195 055,Anticipated,15/11/2024,20/12/2024,,Low,Available,Manufacturing,Alternative generic products are available.,13/09/2024
273229,PHARMACOR CEFUROXIME cefuroxime 250mg film coated tablet blister pack,cefuroxime axetil,"Tablet, film coated",300.715 mg,Pharmacor Pty Ltd,1300138805,Resolved,22/07/2024,14/08/2024,,Low,Available,Unexpected increase in consumer demand,,16/08/2024
273571,OLMESARTAN - MYL olmesartan medoxomil 20 mg tablet blister pack,olmesartan medoxomil,"Tablet, film coated",20 mg,ORGANON PHARMA PTY LTD,1800023135,Discontinued,,,4/10/2023,Low,Unavailable,Commercial Changes / Commercial viability,,6/10/2023
273572,OLMESARTAN - MYL olmesartan medoxomil 40 mg tablet blister pack,olmesartan medoxomil,"Tablet, film coated",40 mg,ORGANON PHARMA PTY LTD,1800023135,Discontinued,,,3/11/2023,Low,Reduction in supply until supply is exhausted,Commercial Changes / Commercial viability,,5/10/2023
273576,OLMESARTAN HCT - MYL 20/12.5 olmesartan medoxomil 20 mg and hydrochlorothiazide 12.5mg tablet blister pack,hydrochlorothiazide~olmesartan medoxomil,"Tablet, film coated",12.5 mg~20 mg,ORGANON PHARMA PTY LTD,1800023135,Discontinued,,,1/3/2024,Low,Reduction in supply until supply is exhausted,Commercial Changes / Commercial viability,,5/10/2023
273577,OLMESARTAN HCT - MYL 40/12.5 olmesartan medoxomil 40 mg and hydrochlorothiazide 12.5mg tablet blister pack,hydrochlorothiazide~olmesartan medoxomil,"Tablet, film coated",12.5 mg~40 mg,ORGANON PHARMA PTY LTD,1800023135,Discontinued,,,31/05/2024,Low,Reduction in supply until supply is exhausted,Commercial Changes / Commercial viability,,5/10/2023
273578,OLMESARTAN HCT - MYL 40/25 olmesartan medoxomil 40 mg and hydrochlorothiazide 25 mg tablet blister pack,hydrochlorothiazide~olmesartan medoxomil,"Tablet, film coated",25 mg~40 mg,ORGANON PHARMA PTY LTD,1800023135,Discontinued,,,30/04/2024,Low,Reduction in supply until supply is exhausted,Commercial Changes / Commercial viability,,5/10/2023
273618,OLMESARTAN/ AMLODIPINE - MYL 20/5 olmesartan medoxomil 20 mg and amlodipine (as besilate) 5 mg tablet blister pack,amlodipine besilate~olmesartan medoxomil,"Tablet, film coated",6.944 mg~20 mg,ORGANON PHARMA PTY LTD,1800023135,Discontinued,,,31/07/2024,Low,Reduction in supply until supply is exhausted,Commercial Changes / Commercial viability,,5/10/2023
273619,OLMESARTAN/ AMLODIPINE - MYL 40/5 olmesartan medoxomil 40 mg and amlodipine (as besilate) 5 mg tablet blister pack,amlodipine besilate~olmesartan medoxomil,"Tablet, film coated",6.944 mg~40 mg,ORGANON PHARMA PTY LTD,1800023135,Discontinued,,,29/03/2024,Low,Reduction in supply until supply is exhausted,Commercial Changes / Commercial viability,,5/10/2023
273620,OLMESARTAN/ AMLODIPINE - MYL 40/10 olmesartan medoxomil 40 mg and amlodipine (as besilate) 10 mg tablet blister pack,olmesartan medoxomil~amlodipine besilate,"Tablet, film coated",40 mg~13.888 mg,ORGANON PHARMA PTY LTD,1800023135,Discontinued,,,30/08/2024,Low,Reduction in supply until supply is exhausted,Commercial Changes / Commercial viability,,5/10/2023
274230,TADACIP 5 tadalafil 5 mg film-coated tablet blister pack,tadalafil,Tablet,5 mg,Cipla Australia Pty Ltd,396964413,Current,29/01/2024,5/10/2024,,Low,Unavailable,Unexpected increase in demand due to other sponsors unable to supply,"An unregistered product has been approved for supply under Section 19A. The approval holder, Reach Pharmaceuticals Pty Ltd, can be contacted for details on supply on 0422 429 648.",27/09/2024
274754,BIMTOP bimatoprost 300 microgram/mL eye drop bottle,bimatoprost,Eye Drops,300 microgram/mL,Viatris Pty Ltd,1800 314 527,Discontinued,,,30/06/2024,Low,Reduction in supply until supply is exhausted,Commercial Changes / Commercial viability,Alternative generic products are available,23/08/2023
275070,Tenofovir/Emtricitabine 300/200 ARX tenofovir disoproxil fumarate 300 mg emtricitabine 200 mg tablet blister pack,emtricitabine~tenofovir disoproxil fumarate,"Tablet, film coated",200 mg~300 mg,Arrotex Pharmaceuticals Pty Ltd,1800 195 055,Current,17/06/2024,13/12/2024,,Medium,Unavailable,Manufacturing,The sponsor is working to expedite the next shipment. An unregistered product has been approved for supply under Section 19A. The approval holder Phero Pharma Pty Ltd can be contacted on 1800 720 020 for enquiries about supply.,2/10/2024
27535,ORUDIS SR ketoprofen 200mg capsule blister pack,ketoprofen,"Capsule, modified release",185.8 mg,Sanofi-Aventis Australia Pty Ltd,1800818806,Discontinued,,,31/12/2024,Low,Reduction in supply until supply is exhausted,Commercial Changes / Commercial viability,,9/5/2024
275359,B. BRAUN PARACETAMOL paracetamol 1000 mg/100 mL solution for infusion bottle,paracetamol,Injection,1 g,B Braun Australia Pty Ltd,61407660243,Resolved,3/11/2023,15/04/2024,,Low,Available,Unexpected increase in demand due to other sponsors unable to supply,,16/08/2024
275375,FIASP insulin aspart (rys) 100 units/mL solution for injection 10 mL vial,Insulin aspart,"Injection, solution",100 U/mL,Novo Nordisk Pharmaceuticals Pty Ltd,1800 668 626,Discontinued,,,1/12/2024,Low,Reduction in supply until supply is exhausted,Commercial Changes / Commercial viability,An alternative presentation is available.,19/09/2024
275394,FIASP FLEXTOUCH insulin aspart (rys) 100 units/mL solution for injection 3 mL pre-filled pen,Insulin aspart,"Injection, solution",100 U/mL,Novo Nordisk Pharmaceuticals Pty Ltd,1800 668 626,Discontinued,,,1/3/2025,Low,Reduction in supply until supply is exhausted,Commercial Changes / Commercial viability,An alternative presentation is available.,19/09/2024
27564,STEMETIL prochlorperazine maleate 5mg tablet blister pack,prochlorperazine maleate,"Tablet, uncoated",5 mg,Sanofi-Aventis Australia Pty Ltd,1800818806,Discontinued,,,30/11/2023,Low,Reduction in supply until supply is exhausted,Commercial Changes / Commercial viability,"An unregistered product has been approved for supply under Section 19A. The approval holder, Orspec Pharma Pty Ltd can be contacted for details on supply on: 02 4339 4239",30/01/2024
275710,DBL BORTEZOMIB 2.5 mg powder for injection vial,bortezomib,"Injection, powder for",2.5 mg,Pfizer Australia Pty Ltd,1800-675-229,Discontinued,,,1/10/2024,Low,Reduction in supply until supply is exhausted,Commercial Changes / Commercial viability,An alternative product is available.,30/08/2024
276920,TRUMENBA (Meningococcal group B vaccine) suspension for injection pre-filled syringe,Neisseria meningitidis serogroup B recombinant lipidated factor H binding protein subfamily A~Neisseria meningitidis serogroup B recombinant lipidated factor H binding protein subfamily B,"Injection, suspension",60 microgram~60 microgram,Pfizer Australia Pty Ltd,1800675229,Discontinued,,,1/3/2024,Low,Unavailable,Commercial Changes / Commercial viability,Alternative brand available.,9/2/2024
276974,PHARMACOR EZETIMIBE ezetimibe 10 mg tablet bottle pack,ezetimibe,Tablet,10 mg,Pharmacor Pty Ltd,1300138805,Current,3/9/2024,15/11/2024,,Low,Unavailable,Unexpected increase in consumer demand,"The sponsor is working to expedite the next shipment. An unregistered product has been approved for supply under Section 19A. The approval holder, Reach Pharmaceuticals Pty Ltd, can be contacted for details on supply on 0422 429 648.",24/09/2024
276975,PHARMACOR EZETIMIBE ezetimibe 10 mg tablet blister pack,ezetimibe,Tablet,10 mg,Pharmacor Pty Ltd,1300138805,Current,10/9/2024,15/11/2024,,Low,Unavailable,Unexpected increase in consumer demand,"The sponsor is working to expedite the next shipment. An unregistered product has been approved for supply under Section 19A. The approval holder, Reach Pharmaceuticals Pty Ltd, can be contacted for details on supply on 0422 429 648.",24/09/2024
277540,CIDALA tadalafil 20mg film-coated tablet blister pack,tadalafil,"Tablet, film coated",20 mg,Arrotex Pharmaceuticals Pty Ltd,1800 195 055,Current,2/8/2024,21/02/2025,,Low,Limited Availability,Manufacturing,The sponsor is working to expedite the next shipment. Alternative generic products are available.,2/10/2024
277550,CIDALA tadalafil 10mg film-coated tablet blister pack,tadalafil,"Tablet, film coated",10 mg,Arrotex Pharmaceuticals Pty Ltd,1800 195 055,Anticipated,24/01/2025,21/03/2025,,Low,Available,Manufacturing,Alternative generic products are available.,11/9/2024
277558,CIDALA tadalafil 5mg film-coated tablet blister pack,tadalafil,"Tablet, film coated",5 mg,Arrotex Pharmaceuticals Pty Ltd,1800 195 055,Current,26/07/2024,17/01/2025,,Low,Unavailable,Manufacturing,"An unregistered product has been approved for supply under Section 19A. The approval holder, Reach Pharmaceuticals Pty Ltd, can be contacted for details on supply on 0422 429 648.",16/09/2024
277849,"OXYCODONE WOCKHARDT oxycodone hydrochloride 20 mg/2 mL solution for injection or infusion, glass ampoules",oxycodone hydrochloride,"Injection, solution",10 mg/mL,Wockhardt Bio Pty Ltd,02 9846 1900,Current,16/04/2020,31/12/2024,,Low,Unavailable,Commercial Changes / Commercial viability,Alternative brands are available.,5/6/2024
279248,SODIUM VALPROATE WOCKHARDT sodium valproate 400 mg/4 mL solution for injection ampoule,sodium valproate,"Injection, solution",400 mg,Wockhardt Bio Pty Ltd,02 9846 1911,Current,27/10/2021,31/03/2024,,Low,Unavailable,Manufacturing,Alternative generic products are available,27/09/2023
279471,"MEDICIANZ MUPIROCIN OINTMENT mupirocin 2%w/w, tube",mupirocin,Ointment,20 mg/g,Medsurge Pharma Pty Ltd,1800 788 261,Resolved,9/5/2024,1/8/2024,,Medium,Available,Manufacturing,,5/8/2024
279585,PHARMACOR ATORVASTATIN atorvastatin (as calcium trihydrate) 80 mg film-coated tablet blister pack,atorvastatin calcium trihydrate,"Tablet, film coated",86.76 mg,Pharmacor Pty Ltd,1300138805,Current,2/9/2024,30/09/2024,,Low,Limited Availability,Manufacturing,Alternative brands available.,12/9/2024
280432,RYZODEG 70/30 FLEXTOUCH 70% insulin degludec (rys) / 30% insulin aspart (rys) 100 U/mL solution for injection cartridge,Insulin degludec~Insulin aspart,"Injection, solution",420 nmol/mL~180 nmol/mL,Novo Nordisk Pharmaceuticals Pty Ltd,1800 668 626,Discontinued,,,1/2/2025,Low,Reduction in supply until supply is exhausted,Commercial Changes / Commercial viability,An alternative presentation is available.,19/09/2024
280495,"B. BRAUN GENTAMICIN gentamicin (as sulfate) 360 mg/120 mL injection, intravenous infusion, bottle",gentamicin sulfate,"Injection, intravenous infusion",4.17 mg/mL,B Braun Australia Pty Ltd,61407660243,Discontinued,,,5/4/2024,Low,Unavailable,Commercial Changes / Commercial viability,,11/4/2024
280507,"B. BRAUN GENTAMICIN gentamicin (as sulfate) 240 mg/80 mL injection, intravenous infusion, bottle",gentamicin sulfate,"Injection, intravenous infusion",4.17 mg/mL,B Braun Australia Pty Ltd,61407660243,Discontinued,,,5/4/2024,Low,Unavailable,Commercial Changes / Commercial viability,,11/4/2024
280508,"B. BRAUN GENTAMICIN gentamicin (as sulfate) 80 mg/80 mL injection, intravenous infusion, bottle",gentamicin sulfate,"Injection, intravenous infusion",1.39 mg/mL,B Braun Australia Pty Ltd,61407660243,Discontinued,,,5/4/2024,Low,Unavailable,Commercial Changes / Commercial viability,,11/4/2024
281795,APO-NEBIVOLOL nebivolol (as hydrochloride) 5 mg tablet blister pack,nebivolol hydrochloride,Tablet,5.45 mg,Arrotex Pharmaceuticals Pty Ltd,1800 195 055,Anticipated,29/11/2024,27/12/2024,,Low,Available,Manufacturing,Alternative generic products are available.,16/09/2024
281798,APO-NEBIVOLOL nebivolol (as hydrochloride) 10 mg tablet blister pack,nebivolol hydrochloride,Tablet,10.9 mg,Arrotex Pharmaceuticals Pty Ltd,1800 195 055,Current,6/9/2024,15/11/2024,,Low,Unavailable,Manufacturing,Alternative generic products are available.,11/9/2024
281799,APO-NEBIVOLOL nebivolol (as hydrochloride) 1.25 mg tablet blister pack,nebivolol hydrochloride,Tablet,1.363 mg,Arrotex Pharmaceuticals Pty Ltd,1800 195 055,Anticipated,11/10/2024,22/11/2024,,Low,Available,Manufacturing,,12/9/2024
282071,TADALACCORD tadalafil 5 mg film-coated tablet blister pack,tadalafil,"Tablet, film coated",5 mg,Pharmacor Pty Ltd,1300138805,Current,16/10/2023,1/11/2024,,Low,Unavailable,Manufacturing,"An unregistered product has been approved for supply under Section 19A. The approval holder, Reach Pharmaceuticals Pty Ltd, can be contacted for details on supply on 0422 429 648.",16/09/2024
282074,TADALACCORD tadalafil 20 mg film-coated tablet blister pack,tadalafil,"Tablet, film coated",20 mg,Pharmacor Pty Ltd,1300138805,Current,1/8/2024,1/11/2024,,Low,Limited Availability,Manufacturing,The sponsor is working to expedite the next shipment.,15/08/2024
282075,APO-Tadalafil tadalafil 5 mg film-coated tablet blister pack,tadalafil,"Tablet, film coated",5 mg,Accord Healthcare Pty Ltd,61418348894,Current,11/12/2023,11/10/2024,,Low,Unavailable,Manufacturing,"An unregistered product has been approved for supply under Section 19A. The approval holder, Reach Pharmaceuticals Pty Ltd, can be contacted for details on supply on 0422 429 648.",16/09/2024
282076,APO-Tadalafil tadalafil 10 mg film-coated tablet blister pack,tadalafil,"Tablet, film coated",10 mg,Accord Healthcare Pty Ltd,418348894,Current,23/07/2024,27/11/2024,,Medium,Unavailable,Manufacturing,Alternative generic products are available.,7/8/2024
282077,APO-Tadalafil tadalafil 20 mg film-coated tablet blister pack,tadalafil,"Tablet, film coated",20 mg,Accord Healthcare Pty Ltd,418348894,Current,24/07/2024,11/11/2024,,Medium,Unavailable,Manufacturing,Alternative generic products are available.,7/8/2024
282105,TADALAFIL SANDOZ tadalafil 5 mg film-coated tablet blister pack,tadalafil,"Tablet, film coated",5 mg,Sandoz Pty Ltd,1800 726 369,Current,11/4/2024,15/10/2024,,Low,Unavailable,Manufacturing,"An unregistered product has been approved for supply under Section 19A. The approval holder, Reach Pharmaceuticals Pty Ltd, can be contacted for details on supply on 0422 429 648.",26/09/2024
282106,TADALAFIL SANDOZ tadalafil 10 mg film-coated tablet blister pack,tadalafil,"Tablet, film coated",10 mg,Sandoz Pty Ltd,1800 726 369,Current,22/08/2024,19/10/2024,,Low,Unavailable,Unexpected increase in demand due to other sponsors unable to supply,Alternative generic products are available.,30/08/2024
282377,"ADRENALINE AGUETTANT 1:10,000 adrenaline (epinephrine) (as acid tartrate) 1 mg/10 mL solution for injection prefilled syringe",adrenaline (epinephrine) acid tartrate,"Injection, solution",1.819 mg,Juno Pharmaceuticals Pty Ltd,388881288,Resolved,18/07/2024,16/09/2024,,Critical,Available,Manufacturing,,18/09/2024
283340,BORTEZOMIB JUNO bortezomib 1mg powder for injection vial,bortezomib,"Injection, powder for",1 mg,Juno Pharmaceuticals Pty Ltd,+61 3 8888 1288,Discontinued,,,1/7/2024,Low,Reduction in supply until supply is exhausted,Commercial Changes / Commercial viability,Alternative generic product is available.,9/2/2024
284019,VYVANSE lisdexamfetamine dimesilate 20 mg capsules bottle,lisdexamfetamine dimesilate,"Capsule, hard",20 mg,Takeda Pharmaceuticals Australia Pty Ltd,1800012612,Resolved,14/06/2024,21/08/2024,,Medium,Available,Unexpected increase in consumer demand,,21/08/2024
284021,VYVANSE lisdexamfetamine dimesilate 60 mg capsules bottle,lisdexamfetamine dimesilate,"Capsule, hard",60 mg,Takeda Pharmaceuticals Australia Pty Ltd,1800012612,Current,30/08/2024,21/10/2024,,Medium,Unavailable,Unexpected increase in consumer demand,The sponsor is closely controlling the supply. The sponsor is working to expedite the next shipment.,30/08/2024
284129,NIZAC nizatidine 150mg capsule blister pack,nizatidine,"Capsule, hard",150 mg,Arrotex Pharmaceuticals Pty Ltd,1800 195 055,Current,16/08/2024,24/01/2025,,Low,Unavailable,Manufacturing,The sponsor is working to expedite the next shipment. Alternative generic products are available.,22/08/2024
284130,TAZAC PULVULES nizatidine 150mg capsule blister pack,nizatidine,"Capsule, hard",150 mg,Arrotex Pharmaceuticals Pty Ltd,1800 195 055,Current,6/9/2024,12/9/2025,,Low,Unavailable,Manufacturing,The sponsor is working to expedite the next shipment,11/9/2024
284953,APX-METFORMIN  metformin hydrochloride 850 mg tablet blister pack,metformin hydrochloride,"Tablet, film coated",850 mg,Arrotex Pharmaceuticals Pty Ltd,1800 195 055,Current,9/8/2024,4/10/2024,,Low,Unavailable,Manufacturing,Alternative generic products are available.,15/08/2024
284971,METFORMIN GH metformin hydrochloride 500 mg tablet blister pack,metformin hydrochloride,"Tablet, film coated",500 mg,Generic Health Pty Ltd,03 9809 7900,Current,14/08/2024,25/10/2024,,Low,Limited Availability,Unexpected increase in demand due to other sponsors unable to supply,The sponsor is working to expedite the next shipment. Alternative generic products are available.,27/08/2024
285492,EPHEDRINE HYDROCHLORIDE AGUETTANT ephedrine hydrochloride 30 mg/10 mL solution for injection ampoule,ephedrine hydrochloride,"Injection, solution",30 mg,Juno Pharmaceuticals Pty Ltd,388881288,Discontinued,,,1/9/2024,Low,Reduction in supply until supply is exhausted,Commercial Changes / Commercial viability,Reduction in supply until supply is exhausted. Alternative products are available.,7/8/2024
285800,FLUOROURACIL ACCORD fluorouracil 1000 mg/20 mL injection vial,fluorouracil,"Injection, solution",50 mg/mL,Accord Healthcare Pty Ltd,1800 222 673,Current,11/4/2024,31/12/2024,,Low,Unavailable,Manufacturing,Other strengths are available.,3/9/2024
285802,FLUOROURACIL ACCORD fluorouracil 5000 mg/100 mL injection vial,fluorouracil,"Injection, solution",50 mg/mL,Accord Healthcare Pty Ltd,1800 222 673,Current,1/10/2024,8/11/2024,,Low,Limited Availability,Manufacturing,An alternative brand is available,2/10/2024
286105,PHARMACOR OLMESARTAN HCTZ 40/25 olmesartan medoxomil and hydrochlorothiazide 40/25 mg tablet blister pack,hydrochlorothiazide~olmesartan medoxomil,Tablet,25 mg~40 mg,Pharmacor Pty Ltd,1300138805,Resolved,20/04/2024,14/08/2024,,Low,Available,Manufacturing,,15/08/2024
286615,DESFLURANE SANDOZ desflurane 1 mL/mL inhalation bottle,desflurane,Inhalation,1 mL/mL,Sandoz Pty Ltd,1800 726 369,Discontinued,,,30/11/2023,Low,Unavailable,Commercial Changes / Commercial viability,Alternative brand available,18/12/2023
286652,APO-ACAMPROSATE acamprosate calcium 333 mg enteric coated tablets blister,acamprosate calcium,"Tablet, enteric coated",333 mg,Arrotex Pharmaceuticals Pty Ltd,1800 195 055,Anticipated,31/01/2025,9/5/2025,,Low,Available,Manufacturing,Alternative brands available.,12/9/2024
286786,CISPLATIN ACCORD cisplatin 50 mg/50 mL concentrated injection vial,cisplatin,"Injection, concentrated",1 mg/mL,Accord Healthcare Pty Ltd,1800 222 673,Resolved,9/4/2024,12/8/2024,,Low,Available,Unexpected increase in consumer demand,,13/08/2024
286791,CISPLATIN ACCORD cisplatin 100 mg/100 mL concentrated injection vial,cisplatin,"Injection, concentrated",1 mg/mL,Accord Healthcare Pty Ltd,1800 222 673,Current,9/4/2024,31/10/2024,,Low,Unavailable,Unexpected increase in consumer demand,Unregistered products have been approved for supply under Section 19A. See the website: https://www.tga.gov.au/ws-sl9a-index and search for the active ingredient.,13/08/2024
286806,BETAHISTINE VIATRIS betahistine dihydrochloride 16 mg uncoated tablet blister pack,betahistine dihydrochloride,"Tablet, uncoated",16 mg,Viatris Pty Ltd,1800 314 527,Resolved,18/09/2024,24/09/2024,,Low,Available,Manufacturing,,24/09/2024
287038,MELPHA melphalan (as hydrochloride) 50 mg powder for injection vial with diluent composite pack,melphalan hydrochloride,"Injection, powder for",55.97 mg,Emcure Pharmaceuticals Pty Ltd,401858985,Resolved,7/5/2024,7/7/2024,,Low,Available,Manufacturing,,23/07/2024
28775,TIMOPTOL timolol maleate 0.5% eye drops bottle,timolol maleate,"Eye Drops, solution",6.83 mg/mL,Mundipharma Pty Ltd,1800 188 009,Anticipated,15/11/2024,28/02/2025,,Medium,Available,Commercial Changes / Commercial viability,Mundipharma has made the decision to reinstate Timoptol eye drops as an ongoing product available in the Australian market. An unregistered product has been approved for supply under Section 19A. See the website: https://www.tga.gov.au/ws-sl9a-index and search for the active ingredient.,30/08/2024
288798,AMIKACIN WOCKHARDT amikacin (as sulfate) 500mg/2mL solution for injection infusion vial,amikacin sulfate,"Injection, solution",333.76 mg/mL,Wockhardt Bio Pty Ltd,298461900,Current,7/5/2020,31/12/2024,,Critical,Unavailable,Manufacturing,Alternative generic product is available.,30/05/2024
289379,CINACALCET VIATRIS cinacalcet 30 mg tablet blister pack,cinacalcet hydrochloride,Tablet,33.064 mg,Alphapharm Pty Ltd,1800274276,Resolved,16/04/2024,22/08/2024,,Low,Available,Manufacturing,,28/08/2024
289380,CINACALCET VIATRIS cinacalcet 60 mg tablet blister pack,cinacalcet hydrochloride,Tablet,66.127 mg,Alphapharm Pty Ltd,1800274276,Resolved,16/04/2024,19/08/2024,,Medium,Available,Manufacturing,,21/08/2024
289381,CINACALCET VIATRIS cinacalcet 90 mg tablet blister pack,cinacalcet hydrochloride,Tablet,99.191 mg,Alphapharm Pty Ltd,1800274276,Current,27/05/2024,6/10/2024,,Medium,Unavailable,Manufacturing,Alternative generic product is available.,28/08/2024
289539,TADALAFIL LAPL  tadalafil 20 mg film-coated tablet blister pack,tadalafil,"Tablet, film coated",20 mg,Lupin Australia Pty Limited,03 9809 7900,Resolved,27/06/2024,22/07/2024,,Low,Available,Unexpected increase in consumer demand,,22/07/2024
289541,TADALAFIL GH tadalafil 5 mg film-coated tablet blister pack,tadalafil,"Tablet, film coated",5 mg,Lupin Australia Pty Limited,03 9809 7900,Current,7/3/2024,15/11/2024,,Low,Unavailable,Unexpected increase in demand due to other sponsors unable to supply,"An unregistered product has been approved for supply under Section 19A. The approval holder, Reach Pharmaceuticals Pty Ltd, can be contacted for details on supply on 0422 429 648.",16/09/2024
289543,TADALAFIL GH tadalafil 20 mg film-coated tablet blister pack,tadalafil,"Tablet, film coated",20 mg,Lupin Australia Pty Limited,03 9809 7900,Current,27/06/2024,15/11/2024,,Low,Unavailable,Unexpected increase in consumer demand,Alternative generic products are available.,26/09/2024
289783,DOSULEPIN VIATRIS 25 dosulepin (dothiepin) hydrochloride 25 mg hard capsule blister pack,dosulepin (dothiepin) hydrochloride,"Capsule, hard",25 mg,Alphapharm Pty Ltd,1800274276,Current,16/08/2024,15/11/2024,,Low,Unavailable,Manufacturing,The sponsor is closely controlling the supply.,2/10/2024
289980,APO-FLECAINIDE  flecainide acetate 50mg tablet blister pack,flecainide acetate,Tablet,50 mg,Apotex Pty Ltd,02 8877 8333,Current,28/04/2021,31/01/2025,,Medium,Unavailable,Manufacturing,Alternative generic products are available.,15/08/2024
290094,APO-OLMESARTAN/AMLODIPINE 40/5 olmesartan medoxomil 40 mg / amlodipine (as besilate) 5 mg  tablet blister pack,amlodipine besilate~olmesartan medoxomil,"Tablet, film coated",6.935 mg~40 mg,Arrotex Pharmaceuticals Pty Ltd,1800 195 055,Current,30/08/2024,25/10/2024,,Low,Unavailable,Manufacturing,Alternative generic products are available.,16/09/2024
290128,DASATINIB ARX dasatinib 50 mg film coated tablet bottle,dasatinib,"Tablet, film coated",50 mg,Arrotex Pharmaceuticals Pty Ltd,1800195 055,Current,31/05/2024,27/12/2024,,Low,Unavailable,Manufacturing,Alternative generic products are available.,9/8/2024
290134,DASATINIB ARX dasatinib 100 mg film coated tablet bottle,dasatinib,"Tablet, film coated",100 mg,Arrotex Pharmaceuticals Pty Ltd,1800 195 055,Current,9/8/2024,27/12/2024,,Low,Limited Availability,Manufacturing,Alternative generic products are available.,11/9/2024
290136,DASATINIB ARX dasatinib 70 mg film coated tablet bottle,dasatinib,"Tablet, film coated",70 mg,Arrotex Pharmaceuticals Pty Ltd,1800 195 055,Current,9/8/2024,27/12/2024,,Low,Limited Availability,Commercial Changes / Commercial viability,Alternative generic products are available.,26/08/2024
290733,LATANOPROST SANDOZ latanoprost 50 micrograms/mL eye drop solution bottle,latanoprost,"Eye Drops, solution",.05 mg/mL,Sandoz Pty Ltd,1800 726 369,Resolved,1/2/2024,5/8/2024,,Low,Available,Manufacturing,,6/8/2024
290982,APO-ATOMOXETINE atomoxetine (as hydrochloride) 40 mg capsule blister,atomoxetine hydrochloride,"Capsule, hard",45.5 mg,Arrotex Pharmaceuticals Pty Ltd,1800 195 055,Current,26/07/2024,8/11/2024,,Medium,Unavailable,Manufacturing,The sponsor is working to expedite the next shipment. An alternative generic product is available.,2/10/2024
291496,APO-LATANOPROST latanoprost 50 microgram/mL eye drops bottle,latanoprost,"Eye Drops, solution",.05 mg/mL,Arrotex Pharmaceuticals Pty Ltd,1800 195 055,Current,28/06/2024,22/11/2024,,Low,Limited Availability,Transport / Logistic issues / Storage capacity issues,Sponsor is working to expedite the next shipment. Alternative brands are available.,15/08/2024
291652,APO-FENOFIBRATE fenofibrate 145 mg tablet blister pack,fenofibrate,Tablet,145 mg,Southern Cross Pharma Pty Ltd,03 9809 7900,Anticipated,23/12/2024,30/06/2025,,Low,Available,Manufacturing,Alternative generic products are available.,23/08/2024
292295,ESCITALOPRAM GH escitalopram (as oxalate) 10 mg tablet blister,escitalopram oxalate,"Tablet, film coated",12.74 mg,Generic Health Pty Ltd,03 9809 7900.,Current,23/07/2024,20/12/2024,,Low,Unavailable,Commercial Changes / Commercial viability,Alternative generic products are available.,9/8/2024
292296,ESCITALOPRAM GH escitalopram (as oxalate) 20 mg tablet blister,escitalopram oxalate,"Tablet, film coated",25.47 mg,Generic Health Pty Ltd,03 9809 7900.,Current,23/02/2024,20/12/2024,,Low,Unavailable,Manufacturing,Alternative generic products are available.,26/08/2024
292526,"BUPIVADREN Bupivacaine 0.25% w/v with Adrenaline (epinephrine) 1:400,000 injection solution vial",bupivacaine hydrochloride monohydrate~adrenaline (epinephrine) acid tartrate,"Injection, solution",2.64 mg/mL~4.5 microgram/mL,Pfizer Australia Pty Ltd,1800-675-229,Resolved,2/8/2024,16/08/2024,,Low,Available,Manufacturing,,16/08/2024
292528,"BUPIVADREN Bupivacaine 0.5% w/v with Adrenaline (epinephrine) 1:200,000 injection solution vial",bupivacaine hydrochloride monohydrate~adrenaline (epinephrine) acid tartrate,"Injection, solution",5.27 mg/mL~9.1 microgram/mL,Pfizer Australia Pty Ltd,1800-675-229,Discontinued,,,31/01/2025,Low,Reduction in supply until supply is exhausted,Commercial Changes / Commercial viability,Alternative generic products are available.,26/08/2024
293315,APO-FLUCONAZOLE fluconazole 200 mg capsule blister pack,fluconazole,"Capsule, hard",200 mg,Arrotex Pharmaceuticals Pty Ltd,1800 195 055,Anticipated,29/11/2024,20/12/2024,,Low,Available,Manufacturing,Alternative generic products are available.,2/10/2024
293456,"BICILLIN L-A-benzathine benzylpenicillin tetrahydrate 600,000 units/1.17 mL suspension for injection syringe with needle",benzathine benzylpenicillin tetrahydrate,"Injection, suspension",600000 USP Unit,Pfizer Australia Pty Ltd,1800-675-229,Current,26/07/2023,30/04/2025,,Medium,Unavailable,Manufacturing,"An unregistered, alternative strength product has been approved for supply under Section 19A. The approval holder ORSPEC Pharma Pty Ltd can be contacted on 02 4339 4239 for details on supply. A TGA web alert is available at: https://www.tga.gov.au/safety/shortages/information-about-major-medicine-shortages/about-shortage-bicillin-l-benzathine-benzylpenicillin-tetrahydrate-prefilled-syringe-injection",9/5/2024
293593,BORTEZOMIB-TEVA bortezomib 3.5 mg powder for injection vial,bortezomib,"Injection, powder for",3.5 mg,Teva Pharma Australia Pty Ltd,1800 288 382,Discontinued,,,30/11/2024,Low,Reduction in supply until supply is exhausted,Commercial Changes / Commercial viability,Alternative generic products are available.,7/6/2024
294915,RASAGILINE LUPIN rasagiline (as mesilate) 1 mg tablet blister pack,rasagiline mesilate,Tablet,1.56 mg,Generic Health Pty Ltd,03 9809 7900,Current,19/09/2024,18/10/2024,,Low,Limited Availability,Manufacturing,Alternative generic products are available.,1/10/2024
295265,DILANTIN phenytoin sodium 100 mg capsule bottle,phenytoin sodium,"Capsule, hard",100 mg,Viatris Pty Ltd,1800 314 527,Resolved,17/09/2024,2/10/2024,,Medium,Available,Manufacturing,,2/10/2024
295484,REPREVE ropinirole (as hydrochloride) 2 mg tablet blister pack,ropinirole hydrochloride,"Tablet, film coated",2.28 mg,Arrotex Pharmaceuticals Pty Ltd,1800 195 055,Resolved,9/8/2024,6/9/2024,,Low,Available,Manufacturing,,11/9/2024
295541,GLICLAZIDE MR VIATRIS gliclazide 30 mg modified release tablet blister pack,gliclazide,"Tablet, modified release",30 mg,Alphapharm Pty Ltd,1800274276,Resolved,17/01/2024,26/09/2024,,Medium,Available,Unexpected increase in demand due to other sponsors unable to supply,,27/09/2024
295561,PHARMACOR CINACALCET cinacalcet (as hydrochloride) 60 mg film-coated tablet blister pack,cinacalcet hydrochloride,"Tablet, film coated",66 mg,Pharmacor Pty Ltd,1300138805,Resolved,20/12/2023,1/8/2024,,Low,Available,Manufacturing,,14/08/2024
295563,PHARMACOR CINACALCET cinacalcet (as hydrochloride) 90 mg film-coated tablet blister pack,cinacalcet hydrochloride,"Tablet, film coated",99 mg,Pharmacor Pty Ltd,1300138805,Resolved,25/08/2023,1/8/2024,,Low,Available,Manufacturing,,14/08/2024
295567,PHARMACOR CINACALCET cinacalcet (as hydrochloride) 30 mg film-coated tablet blister pack,cinacalcet hydrochloride,"Tablet, film coated",33 mg,Pharmacor Pty Ltd,1300138805,Resolved,10/4/2024,31/08/2024,,Low,Available,Manufacturing,,10/9/2024
295606,TENOFOVIR SANDOZ tenofovir disoproxil fumarate 300mg tablets bottle,tenofovir disoproxil fumarate,Tablet,300 mg,Sandoz Pty Ltd,1800 726 369,Current,22/08/2024,25/11/2024,,Low,Unavailable,Manufacturing,Alternative generic products are available.,10/9/2024
296389,CELAXIB celecoxib 100 mg capsule blister pack,celecoxib,"Capsule, hard",100 mg,Alphapharm Pty Ltd,1800274276,Current,3/9/2024,18/10/2024,,Low,Limited Availability,Manufacturing,Alternative generic products are available,4/9/2024
296520,APOMINE Intermittent apomorphine hydrochloride hemihydrate 30mg/3mL injection cartridge,apomorphine hydrochloride hemihydrate,"Injection, solution",10 mg,Interpharma Pty Ltd,02 9976 6876,Current,31/05/2023,30/09/2024,,Medium,Unavailable,Manufacturing,Sponsor is working to expedite the next shipment.,8/3/2024
296543,PHARMACOR LINEZOLID linezolid 600 mg film-coated tablet blister pack,linezolid,"Tablet, film coated",600 mg,Pharmacor Pty Ltd,1300138805,Current,2/9/2024,30/09/2024,,Low,Limited Availability,Unexpected increase in consumer demand,Alternative generic products are available.,11/9/2024
296743,SOLIFENACIN LUPIN solifenacin succinate 5 mg film-coated tablets blister pack,solifenacin succinate,"Tablet, film coated",5 mg,Generic Health Pty Ltd,03 9809 7900,Current,1/11/2023,1/11/2024,,Low,Unavailable,Manufacturing,Alternative generic brands are available.,2/9/2024
296748,SOLIFENACIN LUPIN solifenacin succinate 10 mg film-coated tablets blister pack,solifenacin succinate,"Tablet, film coated",10 mg,Generic Health Pty Ltd,03 9809 7900,Current,1/12/2023,1/11/2024,,Low,Unavailable,Manufacturing,,2/9/2024
296750,LACOSAMIDE ARX lacosamide 50 mg film-coated tablets blister pack,lacosamide,"Tablet, film coated",50 mg,Arrotex Pharmaceuticals Pty Ltd,1800 195 055,Anticipated,6/12/2024,20/06/2025,,Low,Available,Manufacturing,Alternative generic products are available.,2/10/2024
296752,LACOSAMIDE ARX lacosamide 100 mg film-coated tablets blister pack,lacosamide,"Tablet, film coated",100 mg,Arrotex Pharmaceuticals Pty Ltd,1800 195 055,Anticipated,11/10/2024,15/11/2024,,Low,Available,Manufacturing,Alternative generic products are available.,25/07/2024
296756,LACOSAMIDE Lupin  lacosamide 100 mg film-coated tablets blister pack,lacosamide,"Tablet, film coated",100 mg,Generic Health Pty Ltd,03 9809 7900,Current,19/09/2024,30/11/2024,,Low,Limited Availability,Commercial Changes / Commercial viability,Alternative generic products are available.,30/09/2024
296758,LACOSAMIDE ARX lacosamide 200 mg film-coated tablets blister pack,lacosamide,"Tablet, film coated",200 mg,Arrotex Pharmaceuticals Pty Ltd,1800 195 055,Anticipated,2/8/2024,20/09/2024,,Low,Available,Transport / Logistic issues / Storage capacity issues,Alternative generic products are available.,24/04/2024
296760,LACOSAMIDE ARX lacosamide 150 mg film-coated tablets blister pack,lacosamide,"Tablet, film coated",150 mg,Arrotex Pharmaceuticals Pty Ltd,1800 195 055,Anticipated,27/09/2024,20/12/2024,,Low,Available,Manufacturing,Alternative generic products are available.,16/09/2024
296762,LACOSAMIDE Lupin lacosamide 50 mg film-coated tablets blister pack,lacosamide,"Tablet, film coated",50 mg,Generic Health Pty Ltd,03 9809 7900,Resolved,9/11/2023,9/8/2024,,Low,Available,Manufacturing,,19/08/2024
296765,LACOSAM lacosamide 50 mg film-coated tablets blister pack,lacosamide,"Tablet, film coated",50 mg,Accord Healthcare Pty Ltd,61418348894,Current,2/5/2024,30/10/2024,,Low,Unavailable,Manufacturing,Alternative generic products are available.,3/9/2024
296768,LACOSAMIDE Lupin  lacosamide 150 mg film-coated tablets blister pack,lacosamide,"Tablet, film coated",150 mg,Generic Health Pty Ltd,03 9809 7900,Current,30/11/2023,19/11/2024,,Low,Unavailable,Transport / Logistic issues / Storage capacity issues,Alternative generic products are available.,30/09/2024
297342,SITAGLIPTIN LUPIN sitagliptin (as hydrochloride monohydrate) 25 mg tablet blister pack,sitagliptin hydrochloride monohydrate,"Tablet, film coated",28.343 mg,Lupin Australia Pty Limited,03 9809 7900,Discontinued,,,14/06/2024,Low,Unavailable,Manufacturing,Alternative generic products are available.,5/7/2024
297343,SITAGLIPTIN LUPIN sitagliptin (as hydrochloride monohydrate) 50 mg tablet blister pack,sitagliptin hydrochloride monohydrate,"Tablet, film coated",56.686 mg,Lupin Australia Pty Limited,0309809 7900,Discontinued,,,14/06/2024,Low,Unavailable,Manufacturing,Alternative generic products are available.,5/7/2024
297346,SITAGLIPTIN LUPIN sitagliptin (as hydrochloride monohydrate) 100 mg tablet blister pack,sitagliptin hydrochloride monohydrate,"Tablet, film coated",113.373 mg,Lupin Australia Pty Limited,03 9809 7900,Discontinued,,,14/06/2024,Low,Unavailable,Manufacturing,Alternative generic products are available.,5/7/2024
298194,RABIPUR rabies virus vaccine (Inactivated) 2.5 IU powder for injection vial with diluent pre-filled syringe,Rabies virus,"Injection, powder for",2.5 IU,Seqirus Pty Ltd,1800 642 035,Resolved,15/03/2024,30/09/2024,,Medium,Available,Manufacturing,,1/10/2024
298672,BRINEURA cerliponase alfa (rch) 150 mg/5 mL solution for injection vial with flushing solution vial,cerliponase alfa,"Injection, solution",30 mg/mL,BioMarin Pharmaceutical Australia Pty Ltd,1800387876,Anticipated,15/11/2024,18/11/2024,,Critical,Available,Manufacturing,The sponsor is working to expedite the next shipment.,14/06/2024
299009,PHARMACOR EZETIMIBE SIMVASTATIN 10/20 ezetimibe & simvastatin 10/20 mg tablet blister pack,ezetimibe~simvastatin,Tablet,10 mg~20 mg,Pharmacor Pty Ltd,1300138805,Resolved,12/7/2024,1/9/2024,,Low,Available,Manufacturing,,10/9/2024
299572,RIXADONE risperidone 1 mg/mL oral liquid solution bottle,risperidone,"Oral Liquid, solution",1 mg/mL,Boucher & Muir Pty Ltd,1800627680,Resolved,29/07/2024,30/09/2024,,Low,Available,Manufacturing,,2/10/2024
300848,BUSULFAN ACCORD busulfan 60 mg/10 mL concentrated injection vial,busulfan,"Injection, concentrated",60 mg,Accord Healthcare Pty Ltd,1800 222 673,Resolved,16/02/2024,3/9/2024,,Low,Available,Manufacturing,,4/9/2024
302282,Pharmacor Olmesartan Amlodipine 20/5 olmesartan medoxomil 20 mg / amlodipine (as besilate) 5 mg tablets blister pack,olmesartan medoxomil~amlodipine besilate,"Tablet, film coated",20 mg~6.935 mg,Pharmacor Pty Ltd,1300138805,Resolved,1/2/2024,15/07/2024,,Low,Available,Manufacturing,,18/07/2024
303503,HYDROMORPHONE JUNO hydromorphone hydrochloride 2 mg/1 mL injection solution ampoules,hydromorphone hydrochloride,"Injection, solution",2 mg,Juno Pharmaceuticals Pty Ltd,388881288,Anticipated,15/10/2024,2/12/2024,,Low,Available,Manufacturing,Alternative generic products are available.,30/08/2024
303521,TERIFLAGIO teriflunomide 14 mg film-coated tablets blister pack,teriflunomide,"Tablet, film coated",14 mg,Arrotex Pharmaceuticals Pty Ltd,1800 195 055,Anticipated,27/12/2024,27/06/2025,,Low,Available,Manufacturing,,2/10/2024
303716,APO-OLANZAPINE olanzapine 7.5 mg tablet blister pack,olanzapine,"Tablet, uncoated",7.5 mg,Arrotex Pharmaceuticals Pty Ltd,1800195055,Resolved,8/12/2023,2/8/2024,,Low,Available,Manufacturing,,8/8/2024
304049,TRAZIMERA trastuzumab 60 mg powder for injection vial,Trastuzumab,"Injection, powder for",60 mg,Pfizer Australia Pty Ltd,1800 675 229,Current,11/8/2023,31/12/2024,,Low,Unavailable,Manufacturing,Other trastuzumab products available,8/9/2023
304050,TRAZIMERA trastuzumab 150 mg powder for injection vial,Trastuzumab,"Injection, powder for",150 mg,Pfizer Australia Pty Ltd,1800 675 229,Current,11/8/2023,31/12/2024,,Low,Unavailable,Manufacturing,Other brands available,11/10/2023
304251,APO-RISPERIDONE risperidone 1mg tablet blister pack,risperidone,"Tablet, film coated",1 mg,Apotex Pty Ltd,1800195055,Current,6/10/2023,21/03/2025,,Medium,Unavailable,Manufacturing,Alternative generic products are available.,26/07/2024
304252,APO-RISPERIDONE risperidone 2mg tablet blister pack,risperidone,"Tablet, film coated",2 mg,Apotex Pty Ltd,1800195055,Current,6/10/2023,21/03/2025,,Low,Unavailable,Manufacturing,Alternative generic products are available.,30/07/2024
304253,APO-RISPERIDONE risperidone 3mg tablet blister pack,risperidone,"Tablet, film coated",3 mg,Arrotex Pharmaceuticals Pty Ltd,1800 195 055,Current,1/3/2024,21/03/2025,,Low,Unavailable,Transport / Logistic issues / Storage capacity issues,Alternative generic products are available.,25/07/2024
304254,APO-RISPERIDONE risperidone 4mg tablet blister pack,risperidone,"Tablet, film coated",4 mg,Arrotex Pharmaceuticals Pty Ltd,1800 195 055,Current,17/05/2024,21/03/2025,,Low,Unavailable,Manufacturing,Alternative generic products are available.,25/07/2024
304898,APO-Latanoprost/Timolol 0.05/5 Eye drops latanoprost 50 ug/mL and timolol (as maleate) 5 mg/mL bottle,latanoprost~timolol maleate,"Eye Drops, solution",.05 mg/mL~6.83 mg/mL,Arrotex Pharmaceuticals Pty Ltd,1800 195 055,Anticipated,8/11/2024,21/03/2025,,Low,Available,Manufacturing,Alternative generic products are available.,25/09/2024
305254,ZEJULA niraparib (as tosilate monohydrate) 100 mg capsule blister pack,niraparib tosilate monohydrate,"Capsule, hard",159.4 mg,GlaxoSmithKline Australia Pty Ltd,1800033109,Discontinued,,,31/01/2025,Low,Reduction in supply until supply is exhausted,Commercial Changes / Commercial viability,Other generic by same sponsor is available. ZEJULA niraparib (as tosilate monohydrate) 100 mg film-coated tablet blister pack ARTG 395406,1/7/2024
306887,APX-GABAPENTIN gabapentin 800 mg tablet blister pack,gabapentin,"Tablet, film coated",800 mg,Accord Healthcare Pty Ltd,418348894,Discontinued,,,3/6/2024,Low,Unavailable,Manufacturing,An alternative generic product is available.,22/03/2024
306940,MERCAPTOPURINE-LINK mercaptopurine monohydrate 50 mg tablet bottle,mercaptopurine monohydrate,Tablet,50 mg,Link Medical Products Pty Ltd T/A Link Pharmaceuticals,1800 181 060,Resolved,10/5/2024,9/8/2024,,Medium,Available,Manufacturing,,13/08/2024
306955,EZETIMIBE/ATORVASTATIN GH 10/40 ezetimibe and atorvastatin (as calcium trihydrate) 10 mg/40 mg tablets blister pack,ezetimibe~atorvastatin calcium trihydrate,"Tablet, film coated",10 mg~41.363 mg,Lupin Australia Pty Limited,03 9809 7900,Current,24/04/2024,1/3/2025,,Medium,Unavailable,Manufacturing,The sponsor is working to expedite the next shipment.,12/9/2024
306956,Ezetast 10/80 ezetimibe and atorvastatin (as calcium trihydrate) 10 mg/80 mg tablets blister pack,atorvastatin calcium trihydrate~ezetimibe,"Tablet, film coated",82.725 mg~10 mg,Lupin Australia Pty Limited,03 9809 7900,Current,21/05/2024,21/03/2025,,Low,Unavailable,Manufacturing,The sponsor is expediting the next shipment.,19/09/2024
306957,EZETIMIBE/ATORVASTATIN GH 10/20 ezetimibe and atorvastatin (as calcium trihydrate) 10 mg/20 mg tablets blister pack,atorvastatin calcium trihydrate~ezetimibe,"Tablet, film coated",20.681 mg~10 mg,Lupin Australia Pty Limited,03 9809 7900,Current,24/04/2024,1/3/2025,,Medium,Unavailable,Manufacturing,An alternative product is available.,12/9/2024
306958,Ezetast 10/40 ezetimibe and atorvastatin (as calcium trihydrate) 10 mg/40 mg tablets blister pack,atorvastatin calcium trihydrate~ezetimibe,"Tablet, film coated",41.363 mg~10 mg,Lupin Australia Pty Limited,03 9809 7900,Current,5/7/2024,21/03/2025,,Low,Unavailable,Manufacturing,The sponsor is working to expedite the next shipment.,19/09/2024
306961,EZETIMIBE/ATORVASTATIN GH 10/10 ezetimibe and atorvastatin (as calcium trihydrate) 10 mg/10 mg tablets blister pack,ezetimibe~atorvastatin calcium trihydrate,"Tablet, film coated",10 mg~10.341 mg,Lupin Australia Pty Limited,03 9809 7900,Current,28/06/2024,1/3/2025,,Medium,Unavailable,Manufacturing,The sponsor is working to expedite the next shipment.,16/09/2024
306963,Ezetast 10/10 ezetimibe and atorvastatin (as calcium trihydrate) 10 mg/10 mg tablets blister pack,atorvastatin calcium trihydrate~ezetimibe,"Tablet, film coated",10.341 mg~10 mg,Lupin Australia Pty Limited,03 9809 7900,Anticipated,8/11/2024,7/2/2025,,Medium,Available,Manufacturing,The sponsor is working to expedite the next shipment.,17/09/2024
306965,EZETIMIBE/ATORVASTATIN GH 10/80 ezetimibe and atorvastatin (as calcium trihydrate) 10 mg/80 mg tablets blister pack,ezetimibe~atorvastatin calcium trihydrate,"Tablet, film coated",10 mg~82.725 mg,Lupin Australia Pty Limited,03 9809 7900,Current,21/03/2024,1/3/2025,,Medium,Unavailable,Manufacturing,The sponsor is working to expedite the next shipment.,12/9/2024
307042,CIPLA LENALIDOMIDE lenalidomide 5 mg capsule blister pack,lenalidomide,Capsule,5 mg,Cipla Australia Pty Ltd,396964413,Discontinued,,,1/12/2024,Low,Reduction in supply until supply is exhausted,Commercial Changes / Commercial viability,Alternative generic products are available.,16/09/2024
307043,CIPLA LENALIDOMIDE lenalidomide 10 mg capsule blister pack,lenalidomide,Capsule,10 mg,Cipla Australia Pty Ltd,396964413,Discontinued,,,1/12/2024,Low,Reduction in supply until supply is exhausted,Commercial Changes / Commercial viability,Alternative generic products are available.,16/09/2024
307063,CIPLA LENALIDOMIDE lenalidomide 15 mg capsule blister pack,lenalidomide,Capsule,15 mg,Cipla Australia Pty Ltd,396964413,Discontinued,,,1/12/2024,Low,Reduction in supply until supply is exhausted,Commercial Changes / Commercial viability,Alternative generic products are available.,16/09/2024
307065,CIPLA LENALIDOMIDE lenalidomide 25 mg capsule blister pack,lenalidomide,Capsule,25 mg,Cipla Australia Pty Ltd,396964413,Discontinued,,,1/12/2024,Low,Reduction in supply until supply is exhausted,Commercial Changes / Commercial viability,Alternative generic products are available.,16/09/2024
308104,APO-PREGABALIN  pregabalin 75 mg capsule blister,pregabalin,"Capsule, hard",75 mg,Arrotex Pharmaceuticals Pty Ltd,1800 195 055,Anticipated,3/1/2025,24/01/2025,,Low,Available,Manufacturing,,2/10/2024
308108,PREBALIN   pregabalin 75 mg capsule blister,pregabalin,"Capsule, hard",75 mg,Arrotex Pharmaceuticals Pty Ltd,1800 195 055,Anticipated,3/1/2025,24/01/2025,,Low,Available,Manufacturing,Alternative brands are available,2/10/2024
308324,OZEMPIC 0.25/0.5 mg semaglutide (rys) 1.34 mg/mL solution for injection pre-filled pen,Semaglutide,"Injection, solution",1.34 mg/mL,Novo Nordisk Pharmaceuticals Pty Ltd,1800668626,Current,15/04/2022,31/12/2024,,Medium,Limited Availability,Unexpected increase in consumer demand,A TGA web statement is available at https://www.tga.gov.au/safety/shortages/medicine-shortage-alerts/ozempic-semaglutide-shortage. Unregistered products have been approved for supply under Section 19A. The following approval holders can be contacted for details on supply: Medsurge Pty Ltd - 1300 788 261 or sales@medsurge.com.au | Cole Supplies - 1300 186 653,20/05/2024
309012,APO-DIMETHYL FUMARATE dimethyl fumarate 240 mg enteric coated capsule blister pack,dimethyl fumarate,"Capsule, enteric",240 mg,Arrow Pharma Pty Ltd,1800 195 055,Resolved,19/07/2024,24/07/2024,,Low,Available,Transport / Logistic issues / Storage capacity issues,,29/07/2024
309249,ARX-LETROZOLE letrozole 2.5 mg film-coated tablet blister pack,letrozole,"Tablet, film coated",2.5 mg,Cipla Australia Pty Ltd,396964413,Current,30/08/2024,11/10/2024,,Low,Limited Availability,Manufacturing,Alternative generic products are available.,3/9/2024
309521,LIDOCAINE ACCORD 2% lidocaine hydrochloride 400 mg/20 mL injection vial,lidocaine hydrochloride,"Injection, solution",400 mg,Accord Healthcare Pty Ltd,1800 222 673,Current,14/06/2023,30/10/2024,,Low,Unavailable,Manufacturing,Alternative generic products are available.,26/09/2024
310164,MEVADOL FORTE paracetamol 450 mg/codeine phosphate hemihydrate 30 mg/doxylamine succinate 5 mg tablet blister pack,codeine phosphate hemihydrate~doxylamine succinate~paracetamol,"Tablet, uncoated",30 mg~5 mg~450 mg,Apotex Pty Ltd,1800195055,Current,20/10/2023,18/10/2024,,Medium,Unavailable,Manufacturing,Sponsor is working to expedite the next shipment.,3/7/2024
310498,MAYZENT siponimod 0.25 mg film coated tablet blister pack,siponimod hemifumarate,"Tablet, film coated",.278 mg,Novartis Pharmaceuticals Australia Pty Ltd,1800 635 202,Discontinued,,,1/5/2025,Low,Reduction in supply until supply is exhausted,Commercial Changes / Commercial viability,Alternative strengths are available. The sponsor is replacing this product with an alternative product - MAYZENT siponimod 1 mg film coated tablet blister pack (AUST R 395451),15/09/2024
311682,NEPITEN nebivolol (as hydrochloride) 1.25 mg immediate release tablet blister pack,nebivolol hydrochloride,Tablet,1.363 mg,Southern Cross Pharma Pty Ltd,03 9809 7900,Current,20/08/2024,31/10/2024,,Low,Unavailable,Manufacturing,Alternative generic products are available.,28/08/2024
311683,MODAFINIL GH modafinil 100 mg tablet blister pack,modafinil,"Tablet, uncoated",100 mg,Southern Cross Pharma Pty Ltd,03 9809 7900,Current,2/7/2024,25/10/2024,,Low,Limited Availability,Manufacturing,Alternative brands are available.,27/09/2024
311693,NEPITEN nebivolol (as hydrochloride) 5 mg immediate release tablet blister pack,nebivolol hydrochloride,Tablet,5.45 mg,Southern Cross Pharma Pty Ltd,03 9809 7900,Current,17/07/2024,31/10/2024,,Low,Limited Availability,Manufacturing,Alternative generic products are available.,27/08/2024
311695,NEPITEN nebivolol (as hydrochloride) 10 mg immediate release tablet blister pack,nebivolol hydrochloride,Tablet,10.9 mg,Southern Cross Pharma Pty Ltd,03 9809 7900,Current,20/09/2023,31/10/2024,,Low,Unavailable,Manufacturing,,27/08/2024
311724,NEBIVOLOL SANDOZ  nebivolol (as hydrochloride) 5 mg immediate release tablet blister pack,nebivolol hydrochloride,Tablet,5.45 mg,Southern Cross Pharma Pty Ltd,09 9809 7900,Current,22/08/2024,15/11/2024,,Low,Limited Availability,Manufacturing,Alternative generic products are available.,25/09/2024
311725,NEBIVOLOL SANDOZ nebivolol (as hydrochloride) 10 mg immediate release tablet blister pack,nebivolol hydrochloride,Tablet,10.9 mg,Southern Cross Pharma Pty Ltd,03 9809 7900,Current,22/08/2024,1/11/2024,,Low,Limited Availability,Manufacturing,Alternative generic products are available.,26/09/2024
311741,NEBIVOLOL LUPIN nebivolol (as hydrochloride) 5 mg immediate release tablet blister pack,nebivolol hydrochloride,Tablet,5.45 mg,Southern Cross Pharma Pty Ltd,03 9809 7900,Resolved,4/7/2024,22/07/2024,,Low,Available,Manufacturing,,6/8/2024
311910,MEDSURGE ALFENTANIL alfentanil (as hydrochloride) 1 mg/2 mL solution for injection ampoule,alfentanil hydrochloride,"Injection, solution",1.09 mg,Medsurge Pharma Pty Ltd,477330626,Resolved,23/07/2024,31/07/2024,,Medium,Available,Manufacturing,,5/8/2024
312007,APO-OLMESARTAN/AMLODIPINE/HCTZ 40/5/25 olmesartan medoxomil/amlodipine/hydrochlorothiazide 40/5/25 mg film-coated tablet blister pack,amlodipine besilate~olmesartan medoxomil~hydrochlorothiazide,"Tablet, film coated",6.95 mg~40 mg~25 mg,Apotex Pty Ltd,02 8877 8333,Current,31/07/2023,30/05/2025,,Medium,Unavailable,Manufacturing,Sponsor is working to expedite the next shipment.,9/8/2024
312010,APO-OLMESARTAN/AMLODIPINE/HCTZ 40/5/12.5 olmesartan medoxomil/amlodipine/hydrochlorothiazide 40/5/12.5 mg film-coated tablet blister pack,hydrochlorothiazide~amlodipine besilate~olmesartan medoxomil,"Tablet, film coated",12.5 mg~6.95 mg~40 mg,Apotex Pty Ltd,1800195055,Current,31/07/2023,21/03/2025,,Medium,Limited Availability,Manufacturing,Sponsor is working to expedite the next shipment.,9/8/2024
313546,ACICLOVIR ACCORD aciclovir 250 mg/10 mL injection vial,aciclovir,"Injection, solution",25 mg/mL,Accord Healthcare Pty Ltd,1800 222 673,Current,15/05/2024,30/11/2024,,Critical,Unavailable,Unexpected increase in demand due to other sponsors unable to supply,"Alternative generic products are available. Additionally, an unregistered product has been approved for supply under Section 19A. The approval holder, Pro Pharmaceuticals Group Pty Ltd, can be contacted for details on supply on 1300 077 674.",25/09/2024
313549,ACICLOVIR ACCORD aciclovir 500 mg/20 mL injection vial,aciclovir,"Injection, solution",25 mg/mL,Accord Healthcare Pty Ltd,1800 222 673,Current,5/8/2024,30/11/2024,,Critical,Unavailable,Manufacturing,The sponsor is working to expedite the next shipment. Alternative generic products are available.,6/8/2024
314201,PRASUGREL LUPIN prasugrel 5 mg film-coated tablet blister pack,prasugrel,"Tablet, film coated",5 mg,Southern Cross Pharma Pty Ltd,03 9809 7900,Anticipated,4/8/2024,11/1/2025,,Medium,Available,Manufacturing,The sponsor is working to expedite the next shipment.,7/6/2024
314206,PRASUGREL LUPIN prasugrel 10 mg film-coated tablet blister pack,prasugrel,"Tablet, film coated",10 mg,Southern Cross Pharma Pty Ltd,03 9809 7900,Current,11/4/2024,4/10/2024,,Medium,Limited Availability,Manufacturing,The sponsor is working to expedite the next shipment.,1/10/2024
315107,OZEMPIC 1 mg semaglutide (rys) 1.34 mg/mL solution for injection pre-filled pen,Semaglutide,"Injection, solution",1.34 mg/mL,Novo Nordisk Pharmaceuticals Pty Ltd,1800668626,Current,15/04/2022,31/12/2024,,Medium,Limited Availability,Unexpected increase in consumer demand,A TGA web statement is available at https://www.tga.gov.au/safety/shortages/medicine-shortage-alerts/ozempic-semaglutide-shortage. Unregistered products have been approved for supply under Section 19A. The following approval holders can be contacted for details on supply: Medsurge Pty Ltd - 1300 788 261 or sales@medsurge.com.au,20/05/2024
315497,ALPROLIX eftrenonacog alfa (rhu) 4000 IU powder for injection vial and diluent pre-filled syringe,eftrenonacog alfa,"Injection, powder for",4000 IU,Sanofi-Aventis Australia Pty Ltd,1800818806,Current,5/9/2024,4/10/2024,,Medium,Unavailable,Manufacturing,Sponsor is working to expedite the next shipment.,6/9/2024
316671,MYLOTARG gemtuzumab ozogamicin 5 mg powder for injection vial,gemtuzumab ozogamicin,"Injection, powder for",5 mg,Pfizer Australia Pty Ltd,02 9850 3333,Anticipated,31/10/2022,26/12/2022,,Critical,Available,Manufacturing,The sponsor is closely controlling the supply and working to expedite the next shipment.,3/11/2022
316934,PHARMACOR GLICLAZIDE MR gliclazide 30 mg modified release tablet blister pack,gliclazide,"Tablet, modified release",30 mg,Pharmacor Pty Ltd,1300138805,Resolved,30/01/2024,1/7/2024,,Low,Available,Manufacturing,,12/7/2024
317202,LURASIDONE LUPIN lurasidone hydrochloride 80 mg film-coated tablet blister pack,lurasidone hydrochloride,"Tablet, film coated",80 mg,Lupin Australia Pty Limited,03 9809 7900,Current,28/06/2024,15/11/2024,,Low,Unavailable,Manufacturing,Alternative generic products are available.,1/8/2024
317203,LURASIDONE LUPIN lurasidone hydrochloride 40 mg film-coated tablet blister pack,lurasidone hydrochloride,"Tablet, film coated",40 mg,Lupin Australia Pty Limited,03 9809 7900,Current,28/06/2024,15/11/2024,,Low,Unavailable,Manufacturing,Alternative generic products are available.,1/8/2024
317443,POSACONAZOLE DR.REDDY'S posaconazole 100 mg modified release tablet blister pack,posaconazole,"Tablet, modified release",100 mg,Dr Reddys Laboratories Australia Pty Ltd,0427 306 107,Resolved,25/06/2024,17/07/2024,,Low,Available,Manufacturing,,23/07/2024
317547,MOMASONE ALCOHOL FREE  mometasone furoate 1 mg/g cream tube,mometasone furoate,Cream,1 mg/g,Aspen Pharma Pty Ltd,1300 659 646,Discontinued,,,26/04/2024,Low,Reduction in supply until supply is exhausted,Commercial Changes / Commercial viability,Alternative generic products are available.,9/4/2024
318433,CIPLA GEFITINIB gefitinib 250 mg tablet blister pack,gefitinib,"Tablet, film coated",250 mg,Cipla Australia Pty Ltd,396964413,Current,8/8/2024,15/02/2025,,Medium,Unavailable,Manufacturing,Alternative product is available.,25/09/2024
318884,MYCOPHENOLATE GH mycophenolate mofetil 500 mg tablet blister pack,mycophenolate mofetil,"Tablet, film coated",500 mg,Accord Healthcare Pty Ltd,418348894,Resolved,19/01/2024,21/08/2024,,Low,Available,Manufacturing,,28/08/2024
320241,IDACIO  adalimumab (rch) 40 mg solution for injection pre-filled syringe,Adalimumab,"Injection, solution",40 mg,Fresenius Kabi Australia Pty Ltd,1300732001,Discontinued,,,1/8/2024,Low,Unavailable,Commercial Changes / Commercial viability,Alternative products are available.,12/7/2024
320242,IDACIO  adalimumab (rch) 40 mg solution for injection pre-filled pen,Adalimumab,"Injection, solution",40 mg,Fresenius Kabi Australia Pty Ltd,1300732001,Discontinued,,,1/8/2024,Low,Unavailable,Commercial Changes / Commercial viability,Alternative products are available.,12/7/2024
320597,POTASSIUM CHLORIDE JUNO 750mg/10mL injection ampoule,potassium chloride,"Injection, concentrated",75 mg/mL,ABORNS PHARMACEUTICALS PTY LTD,1300 117 772,Current,22/04/2024,31/12/2024,,Medium,Unavailable,Commercial Changes / Commercial viability,An alternative generic product is available.,24/05/2024
321011,BENDAMUSTINE JUNO bendamustine hydrochloride 100 mg powder for injection vial,bendamustine hydrochloride,"Injection, powder for",100 mg,Juno Pharmaceuticals Pty Ltd,61 3 8888 1288,Discontinued,,,9/4/2024,Low,Reduction in supply until supply is exhausted,Commercial Changes / Commercial viability,Alternative brands are available.,24/04/2024
321040,ULTRAVIST 370 iopromide 384.5 g/500 mL solution for injection bottle,iopromide,"Injection, solution",768.86 mg/mL,Bayer Australia Ltd,1800008757,Resolved,18/03/2024,12/8/2024,,Low,Available,Unexpected increase in consumer demand,,13/08/2024
321280,OCTREOTIDE DEPOT octreotide (as acetate) 10 mg modified release injection vial plus diluent prefilled syringe composite pack,octreotide,"Injection, modified release",10 mg,Teva Pharma Australia Pty Ltd,1800 288 382,Discontinued,,,15/12/2024,Low,Unavailable,Commercial Changes / Commercial viability,Alternative generic product is available.,6/6/2024
321281,OCTREOTIDE DEPOT octreotide (as acetate) 30 mg modified release injection vial plus diluent prefilled syringe composite pack,octreotide,"Injection, modified release",30 mg,Teva Pharma Australia Pty Ltd,1800 288 382,Discontinued,,,15/12/2024,Low,Unavailable,Manufacturing,Alternative generic product is available.,6/6/2024
321282,OCTREOTIDE DEPOT octreotide (as acetate) 20 mg modified release injection vial plus diluent prefilled syringe composite pack,octreotide,"Injection, modified release",20 mg,Teva Pharma Australia Pty Ltd,1800 288 382,Discontinued,,,15/12/2024,Low,Unavailable,Commercial Changes / Commercial viability,Alternative generic product is available.,6/6/2024
321419,CALQUENCE acalabrutinib 100 mg capsule blister pack,acalabrutinib,"Capsule, hard",100 mg,AstraZeneca Pty Ltd,1800 805 342,Discontinued,,,30/06/2024,Low,Unavailable,Transport / Logistic issues / Storage capacity issues,Sponsor is transitioning to CALQUENCE acalabrutinib (as maleate) 100 mg film-coated tablet blister pack (AUST R 377410) from July 2024,5/6/2024
322671,ASACOL mesalazine 1.6 g enteric coated tablet blister pack,mesalazine,"Tablet, enteric coated",1.6 g,Chiesi Australia Pty Ltd,+61 3 9077 4486,Current,6/9/2024,31/12/2024,,Low,Unavailable,Transport / Logistic issues / Storage capacity issues,The sponsor is working to expedite next shipment.,10/9/2024
323022,MONTELUKAST LUPIN montelukast 5 mg (as sodium) chewable tablet blister pack,montelukast sodium,"Tablet, chewable",5.2 mg,Generic Health Pty Ltd,03 9809 7900,Resolved,2/5/2024,9/8/2024,,Low,Available,Manufacturing,,19/08/2024
323023,MONTELUKAST LUPIN montelukast 4 mg (as sodium) chewable tablet blister pack,montelukast sodium,"Tablet, chewable",4.16 mg,Generic Health Pty Ltd,03 9809 7900,Resolved,2/5/2024,9/8/2024,,Low,Available,Manufacturing,,19/08/2024
323024,MONTELUKAST LUPIN montelukast 10 mg (as sodium) film-coated tablet blister pack,montelukast sodium,"Tablet, film coated",10.4 mg,Generic Health Pty Ltd,03 9809 7900,Resolved,23/07/2024,21/08/2024,,Low,Available,Unexpected increase in consumer demand,,27/08/2024
323025,MONTELUKAST VIATRIS montelukast 5 mg (as sodium) chewable tablet blister pack,montelukast sodium,"Tablet, chewable",5.2 mg,Accord Healthcare Pty Ltd,418348894,Current,20/09/2024,28/11/2024,,Medium,Unavailable,Manufacturing,Alternative brands available.,27/09/2024
323027,MONTELUKAST VIATRIS montelukast 10 mg (as sodium) film-coated tablet blister pack,montelukast sodium,"Tablet, film coated",10.4 mg,Accord Healthcare Pty Ltd,418348894,Current,20/09/2024,6/12/2024,,Low,Unavailable,Manufacturing,The sponsor is working to expedite the next shipment. Alternative products are available.,26/09/2024
324027,PHARMACOR LURASIDONE lurasidone hydrochloride 80 mg film-coated tablet blister pack,lurasidone hydrochloride,"Tablet, film coated",80 mg,Pharmacor Pty Ltd,1300138805,Current,15/09/2024,1/11/2024,,Low,Unavailable,Manufacturing,Alternative generic products are available.,19/09/2024
32486,ALBUMIN-SALINE DILUENT diluent vial,Albumin,Injection,.3 mg/mL,Stallergenes Australia Pty Ltd,1800 824 166,Current,15/08/2018,31/07/2025,,Medium,Unavailable,Manufacturing,An unregistered product has been approved for supply under Section 19A. See the website: https://www.tga.gov.au/ws-s19a-index and search for the active ingredient.,11/5/2023
32519,ARATAC 100 AMIODARONE HYDROCHLORIDE 100mg tablet blister pack,amiodarone hydrochloride,"Tablet, uncoated",100 mg,Alphapharm Pty Ltd,1800274276,Resolved,2/4/2024,17/07/2024,,Low,Available,Manufacturing,,18/07/2024
326195,SINEMET CR 200/50 levodopa/carbidopa 200 mg/50 mg modified release tablet bottle,carbidopa monohydrate~levodopa,"Tablet, modified release",54 mg~200 mg,ORGANON PHARMA PTY LTD,1800023135,Resolved,11/7/2024,11/7/2024,,Medium,Available,Manufacturing,,12/7/2024
326237,TENOFOVIR / EMTRICITABINE SANDOZ 301/200 tenofovir disoproxil succinate / emtricitabine 301 mg/200 mg film-coated tablet bottle,emtricitabine~tenofovir disoproxil succinate,"Tablet, film coated",200 mg~300.6 mg,Sandoz Pty Ltd,1800 726 369,Current,3/11/2023,3/3/2025,,Low,Unavailable,Manufacturing,The sponsor is working to expedite the next shipment. An unregistered product has been approved for supply under Section 19A. The approval holder Phero Pharma Pty Ltd can be contacted on 1800 720 020 for enquiries about supply.,4/9/2024
326621,DOUBLUTS dutasteride 500 microgram  and tamsulosin hydrochloride 400 microgram  modified release capsule bottle,dutasteride~tamsulosin hydrochloride,"Capsule, modified release",500 microgram~400 microgram,GlaxoSmithKline Australia Pty Ltd,1800 033 109,Anticipated,7/10/2024,30/12/2024,,Medium,Available,Transport / Logistic issues / Storage capacity issues,The sponsor is working to expedite the next shipment.,22/09/2024
326885,TERROSA teriparatide (rbe) 250 microgram/mL,Teriparatide,"Injection, solution",250 microgram/mL,Gedeon Richter Australia Pty Ltd,1300 433 366,Discontinued,,,1/7/2024,Low,Reduction in supply until supply is exhausted,Commercial Changes / Commercial viability,The product has been replaced by TERROSA teriparatide (rbe) 250 microgram/mL solution for injection cartridge in a pre-filled pen (ARTG 405710),11/6/2024
327728,MYCOPHENOLATE ACCORD mycophenolate mofetil 500 mg powder for injection vial,mycophenolate mofetil,"Injection, powder for",500 mg,Accord Healthcare Pty Ltd,1800 222 673,Resolved,3/10/2023,12/9/2024,,Low,Available,Manufacturing,,13/09/2024
327898,CIPLA TENOFOVIR + EMTRICITABINE 300/200 Tenofovir disoproxil fumarate 300 mg and emtricitabine 200 mg tablet bottle pack,emtricitabine~tenofovir disoproxil fumarate,"Tablet, film coated",200 mg~300 mg,Cipla Australia Pty Ltd,396964413,Current,1/8/2024,20/11/2024,,Medium,Unavailable,Unexpected increase in demand due to other sponsors unable to supply,The sponsor is working to expedite the next shipment. An unregistered product has been approved for supply under Section 19A. The approval holder Phero Pharma Pty Ltd can be contacted on 1800 720 020 for enquiries about supply.,24/09/2024
328428,Oseltamivir Lupin Oseltamivir (as phosphate) 75 mg capsule blister pack,oseltamivir phosphate,"Capsule, hard",98.524 mg,Lupin Australia Pty Limited,03 9809 7900,Anticipated,15/10/2024,15/12/2024,,Low,Available,Unexpected increase in consumer demand,The sponsor is working to expedite the next shipment. Alternative generic products are available.,13/09/2024
328533,FULVESTRANT ACCORD fulvestrant 250 mg/5 mL solution for injection pre-filled syringe,fulvestrant,"Injection, solution",250 mg,Accord Healthcare Pty Ltd,1800 222 673,Discontinued,,,15/02/2024,Low,Reduction in supply until supply is exhausted,Commercial Changes / Commercial viability,Alternative generic products are available.,25/01/2024
329169,VALGANCICLOVIR HETERO valganciclovir (as hydrochloride) 450 mg film coated tablet blister pack,valganciclovir,"Tablet, film coated",450 mg,Hetero Australia Pty Ltd,1800954150,Discontinued,,,1/3/2024,Low,Unavailable,Commercial Changes / Commercial viability,Alternative generic products are available,27/03/2024
330268,LURASIDONE SUN lurasidone hydrochloride 40 mg film-coated tablet blister pack,lurasidone hydrochloride,"Tablet, film coated",40 mg,Sun Pharma ANZ Pty Ltd,298872600,Resolved,1/2/2024,20/09/2024,,Low,Available,Manufacturing,,25/09/2024
333521,BLOOMS THE CHEMIST CELECOXIB Celecoxib 100 mg capsule blister pack,celecoxib,"Capsule, hard",100 mg,Arrotex Pharmaceuticals Pty Ltd,1800195055,Discontinued,,,7/3/2024,Low,Reduction in supply until supply is exhausted,Commercial Changes / Commercial viability,,23/02/2024
334866,LORSTAT 80 atorvastatin (as calcium trihydrate) 80 mg tablets bottle,atorvastatin calcium trihydrate,"Tablet, film coated",86.751 mg,Alphapharm Pty Ltd,1800274276,Anticipated,11/10/2024,31/10/2024,,Low,Available,Manufacturing,Alternative generic products are available.,2/10/2024
335853,TIH-METFORMIN metformin hydrochloride 850 mg tablet blister pack,metformin hydrochloride,"Tablet, film coated",850 mg,Arrow Pharma Pty Ltd,1800 195 055,Discontinued,,,17/05/2024,Medium,Reduction in supply until supply is exhausted,Commercial Changes / Commercial viability,This product will be replaced by an alternative product: APX-METFORMIN metformin hydrochloride 850 mg tablet blister pack [284953],18/03/2024
337201,BENDAMUSTINE SANDOZ bendamustine hydrochloride (as monohydrate) 25 mg powder for injection vial,bendamustine hydrochloride monohydrate,"Injection, powder for",25 mg,Sandoz Pty Ltd,1800 726 369,Resolved,7/3/2024,15/08/2024,,Low,Available,Unexpected increase in demand due to other sponsors unable to supply,Alternative generic products are available.,23/08/2024
337202,BENDAMUSTINE SANDOZ bendamustine hydrochloride (as monohydrate) 100 mg powder for injection vial,bendamustine hydrochloride monohydrate,"Injection, powder for",100 mg,Sandoz Pty Ltd,1800 726 369,Current,7/3/2024,4/10/2024,,Low,Unavailable,Unexpected increase in demand due to other sponsors unable to supply,The sponsor is working to expedite next shipment. Alternative brands are available.,10/9/2024
337451,DASATINIB DR.REDDY'S dasatinib 50 mg film coated tablet blister pack,dasatinib propylene glycol,"Tablet, film coated",58 mg,Dr Reddys Laboratories Australia Pty Ltd,0427 306 107,Current,17/11/2023,31/10/2024,,Low,Unavailable,Manufacturing,Alternative generic products are available.,28/06/2024
337456,DASATINIB DR.REDDY'S dasatinib 70 mg film coated tablet blister pack,dasatinib propylene glycol,"Tablet, film coated",81.2 mg,Dr Reddys Laboratories Australia Pty Ltd,427306107,Current,24/06/2024,31/10/2024,,Low,Limited Availability,Manufacturing,Alternative generic products are available.,28/06/2024
337458,DASATINIB DR.REDDY'S dasatinib 20 mg film coated tablet blister pack,dasatinib propylene glycol,"Tablet, film coated",23.2 mg,Dr Reddys Laboratories Australia Pty Ltd,0427 306 107,Current,17/11/2023,31/10/2024,,Low,Unavailable,Manufacturing,Alternative generic products are available.,28/06/2024
337460,DASATINIB DR.REDDY'S dasatinib 100 mg film coated tablet blister pack,dasatinib propylene glycol,"Tablet, film coated",116 mg,Dr Reddys Laboratories Australia Pty Ltd,427306107,Current,7/2/2024,31/01/2025,,Low,Limited Availability,Manufacturing,Alternative generic products are available.,28/08/2024
337479,APX-GLICLAZIDE gliclazide 80 mg tablet blister pack,gliclazide,"Tablet, uncoated",80 mg,Arrotex Pharmaceuticals Pty Ltd,1800 195 055,Anticipated,11/10/2024,25/10/2024,,Medium,Available,Unexpected increase in consumer demand,An alternative generic product is available.,25/07/2024
337512,ANAPEN 300 adrenaline (epinephrine) 300 micrograms/0.3 mL solution for injection pre-filled syringe (auto-injector),adrenaline (epinephrine),"Injection, solution",300 microgram,Allergy Concepts Pty Ltd,1800195055,Discontinued,,,30/07/2024,Critical,Reduction in supply until supply is exhausted,Manufacturing,Alternative generic product is available.,12/7/2024
337517,ANAPEN JUNIOR 150 adrenaline (epinephrine) 150 micrograms/0.3 mL solution for injection pre-filled syringe (auto-injector),adrenaline (epinephrine),"Injection, solution",150 microgram,Allergy Concepts Pty Ltd,1800195055,Discontinued,,,27/09/2024,Critical,Reduction in supply until supply is exhausted,Manufacturing,Alternative generic product is available.,12/7/2024
337791,DAPTOMYCIN DR.REDDY'S daptomycin 500 mg powder for injection vial,daptomycin,"Injection, powder for",500 mg,Dr Reddys Laboratories Australia Pty Ltd,427306107,Current,4/1/2024,31/12/2024,,Low,Limited Availability,Manufacturing,Alternative brands are available.,7/5/2024
338041,ESTALIS SEQUI 50/140 patches sachet composite pack,estradiol~estradiol~norethisterone acetate,"Drug delivery system, transdermal",.62 mg~.78 mg~2.7 mg,Sandoz Pty Ltd,1800 726 369,Resolved,14/02/2024,4/7/2024,,Medium,Available,Manufacturing,,9/7/2024
338042,ESTALIS SEQUI 50/250 patches sachet composite pack,norethisterone acetate~estradiol~estradiol,"Drug delivery system, transdermal",4.8 mg~.512 mg~.78 mg,Sandoz Pty Ltd,1800 726 369,Resolved,29/02/2024,12/7/2024,,Low,Available,Manufacturing,,15/07/2024
338056,ESTRADOT 25 estradiol 25 microgram transdermal drug delivery system sachet,estradiol,"Drug delivery system, transdermal",.39 mg,Sandoz Pty Ltd,1800 726 369,Current,4/8/2023,20/01/2025,,Medium,Unavailable,Manufacturing,Sponsor is working to expedite the next shipment.Unregistered products have been approved for supply under Section 19A. See the website: https://www.tga.gov.au/ws-s19a-index and search for the active ingredient.,15/08/2024
338057,ESTRADOT 37.5 estradiol 37.5 microgram transdermal drug delivery system sachet,estradiol,"Drug delivery system, transdermal",.585 mg,Sandoz Pty Ltd,1800 726 369,Current,4/8/2023,16/12/2024,,Medium,Unavailable,Manufacturing,The sponsor is working to expedite next shipment. Unregistered products have been approved for supply under Section 19A. See the website: https://www.tga.gov.au/ws-s19a-index and search for the active ingredient.,15/08/2024
338058,ESTRADOT 50 estradiol 50 microgram transdermal drug delivery system sachet,estradiol,"Drug delivery system, transdermal",.78 mg,Sandoz Pty Ltd,1800 726 369,Current,27/10/2023,20/01/2025,,Medium,Unavailable,Manufacturing,The sponsor is working to expedite the next shipment. Unregistered products have been approved for supply under Section 19A. See the website: https://www.tga.gov.au/ws-s19a-index and search for the active ingredient.,15/08/2024
338059,ESTRADOT 75 estradiol 75 microgram transdermal drug delivery system sachet,estradiol,"Drug delivery system, transdermal",1.17 mg,Sandoz Pty Ltd,1800 726 369,Current,28/11/2023,21/10/2024,,Medium,Unavailable,Manufacturing,The sponsor is working to expedite the next shipment. Unregistered products have been approved for supply under Section 19A. See the website: https://www.tga.gov.au/ws-s19a-index and search for the active ingredient.,6/9/2024
338060,ESTRADOT 100 estradiol 100 microgram transdermal drug delivery system sachet,estradiol,"Drug delivery system, transdermal",1.56 mg,Sandoz Pty Ltd,1800 726 369,Current,17/01/2024,28/10/2024,,Medium,Limited Availability,Manufacturing,The sponsor is working to expedite the next shipment. Unregistered products have been approved for supply under Section 19A. See the website: https://www.tga.gov.au/ws-s19a-index and search for the active ingredient.,26/08/2024
338092,SPIRONOLACTONE VIATRIS 100 spironolactone100 mg tablet bottle,spironolactone,"Tablet, uncoated",100 mg,Alphapharm Pty Ltd,1800274276,Resolved,16/08/2024,1/10/2024,,Low,Available,Manufacturing,,1/10/2024
338350,TRIMETHOPRIM VIATRIS trimethoprim 300 mg tablet blister pack,trimethoprim,"Tablet, uncoated",300 mg,Alphapharm Pty Ltd,1800274276,Anticipated,11/10/2024,8/11/2024,,Low,Available,Manufacturing,Alternative generic products are available.,20/09/2024
338496,MYCOPHENOLIC ACID ARX mycophenolic acid (as sodium) 360 mg enteric coated tablet blister pack,mycophenolate sodium,"Tablet, enteric coated",384.7 mg,Arrotex Pharmaceuticals Pty Ltd,1800 195 055,Anticipated,20/12/2024,23/05/2025,,Low,Available,Manufacturing,,27/08/2024
338518,LENALIDE lenalidomide 5 mg capsules blister pack,lenalidomide,"Capsule, hard",5 mg,Juno Pharmaceuticals Pty Ltd,388881288,Current,30/08/2024,15/10/2024,,Low,Limited Availability,Unexpected increase in consumer demand,Alternative generic products are available.,20/09/2024
338651,ROSUVASTATIN LUPIN Rosuvastatin (as calcium) 5 mg tablets blister pack,rosuvastatin calcium,"Tablet, film coated",5.21 mg,Generic Health Pty Ltd,03 9809 7900,Resolved,26/04/2024,2/9/2024,,Low,Available,Manufacturing,,10/9/2024
339070,BREZTRI AEROSPHERE 160/7.2/5 budesonide 160 mcg/glycopyrronium 7.2 mcg/formoterol fumarate dihydrate 5 mcg per actuation inhalation pMDI,budesonide~formoterol fumarate dihydrate~glycopyrronium bromide,"Inhalation, pressurised",160 microgram/actuation~5 microgram/actuation~9 microgram/actuation,AstraZeneca Pty Ltd,1800805342,Discontinued,,,16/10/2023,Low,Reduction in supply until supply is exhausted,Commercial Changes / Commercial viability,Alternative product by same sponsor available - BREZTRI AEROSPHERE 160/7.2/5 budesonide 160 mcg/glycopyrronium 7.2 mcg/formoterol fumarate dihydrate 5 mcg per actuation inhalation pMDI (DFP-EvoCap)  ARTG 386646,7/8/2023
340131,FLUCLOXACILLIN KABI flucloxacillin 1000 mg (as sodium) powder for injection vial,flucloxacillin sodium monohydrate,"Injection, powder for",1088.1 mg,Fresenius Kabi Australia Pty Ltd,02 9391 5555,Resolved,3/9/2024,6/9/2024,,Low,Available,Transport / Logistic issues / Storage capacity issues,,13/09/2024
34266,IDAPREX 2 perindopril erbumine 2mg tablet blister pack,perindopril erbumine,"Tablet, uncoated",2 mg,Servier Laboratories (Aust) Pty Ltd,388237333,Discontinued,,,28/02/2025,Low,Reduction in supply until supply is exhausted,Commercial Changes / Commercial viability,,7/3/2024
34267,IDAPREX 4  perindopril erbumine 4mg tablet blister pack,perindopril erbumine,"Tablet, uncoated",4 mg,Servier Laboratories (Aust) Pty Ltd,1800726369,Discontinued,,,28/02/2025,Low,Reduction in supply until supply is exhausted,Commercial Changes / Commercial viability,,7/3/2024
34357,TORADOL ketorolac trometamol 30mg/1mL injection ampoule,ketorolac trometamol,"Injection, solution",30 mg/mL,Atnahs Pharma Australia Pty Ltd,1800899005,Current,29/07/2024,30/11/2024,,Medium,Unavailable,Manufacturing,The sponsor is working to expedite the next shipment. Alternative generic products are available.,31/07/2024
34419,DOTHEP 25 dosulepin (dothiepin) hydrochloride 25mg capsule blister pack,dosulepin (dothiepin) hydrochloride,"Capsule, hard",25 mg,Alphapharm Pty Ltd,1800274276,Current,10/5/2024,1/11/2024,,Low,Unavailable,Manufacturing,The sponsor is closely controlling the supply.,10/9/2024
344270,METHYLPHENIDATE XR ARX methylphenidate hydrochloride 27 mg modified release tablet bottle,methylphenidate hydrochloride,"Tablet, modified release",27 mg,Teva Pharma Australia Pty Ltd,1800 195 055,Discontinued,,,31/07/2024,Low,Reduction in supply until supply is exhausted,Manufacturing,Alternative generic products are available.,26/06/2024
344274,METHYLPHENIDATE XR ARX methylphenidate hydrochloride18 mg modified release tablet bottle,methylphenidate hydrochloride,"Tablet, modified release",18 mg,Teva Pharma Australia Pty Ltd,1800 195 055,Discontinued,,,30/06/2024,Low,Reduction in supply until supply is exhausted,Manufacturing,An alternative generic product is available.,26/06/2024
344275,METHYLPHENIDATE XR ARX methylphenidate hydrochloride 54 mg modified release tablet bottle,methylphenidate hydrochloride,"Tablet, modified release",54 mg,Teva Pharma Australia Pty Ltd,1800 195 055,Discontinued,,,31/07/2024,Low,Reduction in supply until supply is exhausted,Manufacturing,Alternative generic products are available.,26/06/2024
344277,METHYLPHENIDATE XR ARX methylphenidate hydrochloride 36 mg modified release tablet bottle,methylphenidate hydrochloride,"Tablet, modified release",36 mg,Teva Pharma Australia Pty Ltd,1800 195 055,Discontinued,,,31/07/2024,Low,Reduction in supply until supply is exhausted,Manufacturing,An alternative generic product is available.,28/06/2024
344750,FLECATAB flecainide acetate 50 mg tablet blister pack,flecainide acetate,Tablet,50 mg,Alphapharm Pty Ltd,1800274276,Current,10/5/2024,8/11/2024,,Low,Unavailable,Manufacturing,Alternative generic products are available.,20/08/2024
345292,MAXOR EC TABS omeprazole 20 mg enteric-coated tablet blister pack,omeprazole,"Tablet, enteric coated",20 mg,Southern Cross Pharma Pty Ltd,03 9809 7922,Current,8/3/2023,31/12/2024,,Low,Unavailable,Manufacturing,Alternative generic products are available,23/01/2024
346495,NEXVIAZYME avalglucosidase alfa powder for injection100mg/10mL vial,Avalglucosidase alfa,"Injection, powder for",100 mg,Sanofi-Aventis Australia Pty Ltd,457690354,Resolved,21/07/2024,25/07/2024,,Medium,Available,Manufacturing,,31/07/2024
347272,CARMUSTINE LUPIN carmustine 100 mg powder for injection vial with diluent vial,carmustine,"Injection, powder for",100 mg,Southern Cross Pharma Pty Ltd,03 9809 7900,Current,13/08/2024,4/10/2024,,Low,Limited Availability,Manufacturing,An alternative generic product is available.,3/9/2024
347292,BEVACIPTIN bevacizumab 100 mg/4 mL concentrated solution for infusion vial,Bevacizumab,"Injection, concentrated",25 mg/mL,Cipla Australia Pty Ltd,396964413,Current,2/8/2024,31/01/2025,,Low,Limited Availability,Commercial Changes / Commercial viability,The sponsor is working to expedite the next shipment. Alternative generic products are available.,12/8/2024
347593,CECLOR cefaclor 250mg/5mL (as monohydrate) powder for oral liquid bottle,cefaclor monohydrate,"Oral Liquid, powder for",52.45 mg/mL,Viatris Pty Ltd,1800 314 527,Current,18/01/2023,15/02/2025,,Low,Limited Availability,Unexpected increase in consumer demand,An alternative generic product is available.,19/07/2024
347594,CECLOR cefaclor 125mg/5mL (as monohydrate) powder for oral liquid bottle,cefaclor monohydrate,"Oral Liquid, powder for",26.22 mg/mL,Viatris Pty Ltd,1800 314 527,Resolved,7/6/2023,23/08/2024,,Low,Available,Manufacturing,,27/08/2024
348651,REPATHA evolocumab (rch) 420 mg/3.5 mL injection solution automated mini-doser AMD,evolocumab,"Injection, solution",420 mg,Amgen Australia Pty Ltd,1800 803 638,Discontinued,,,14/07/2024,Low,Reduction in supply until supply is exhausted,Manufacturing,"This product will be replaced by an alternative presentation - REPATHA evolocumab (rch) 140 mg/mL injection solution syringe within a pen injector ARTG 231152.
The sponsor is reserving some stock of REPATHA AMD (ARTG 348651) to ensure continuity of supply to specific patient groups during the transition to the alternative presentation. For more information, please contact Amgen Medical Information Australia on 1800 803 638.",17/07/2024
349371,CHOLFEN EYE DROPS chloramphenicol 5 mg/mL bottle,chloramphenicol,"Eye Drops, solution",5 mg/mL,Alphapharm Pty Ltd,1800274276,Current,25/10/2023,30/11/2024,,Low,Unavailable,Manufacturing,Alternative generic products are available.,27/09/2024
352532,SITAGLIPTIN SUN sitagliptin 50 mg (as fumarate) tablet blister pack,sitagliptin fumarate,"Tablet, film coated",64.249 mg,Sun Pharma ANZ Pty Ltd,298872600,Resolved,20/06/2024,5/8/2024,,Low,Available,Unexpected increase in demand due to other sponsors unable to supply,,8/8/2024
352534,SITAGLIPTIN SUN sitagliptin 100 mg (as fumarate) tablet blister pack,sitagliptin fumarate,"Tablet, film coated",128.497 mg,Sun Pharma ANZ Pty Ltd,298872600,Resolved,24/06/2024,16/09/2024,,Low,Available,Unexpected increase in demand due to other sponsors unable to supply,,18/09/2024
352631,JEMPERLI dostarlimab 500 mg concentrate for solution for infusion 10 mL vial,dostarlimab,"Injection, intravenous infusion",500 mg/mL,GlaxoSmithKline Australia Pty Ltd,1800 033 019,Current,15/07/2024,31/12/2024,,Critical,Limited Availability,Unexpected increase in consumer demand,Sponsor is working to expedite the next shipment. An unregistered product has been approved for supply under Section 19A. See the website https://www.tga.gov.au/resources/section-19a-approvals and search for the active ingredient.,22/08/2024
353404,ARTHREXIN indometacin 25mg capsule blister pack,indometacin,"Capsule, hard",25 mg,Alphapharm Pty Ltd,1800274276,Current,24/06/2024,11/10/2024,,Low,Unavailable,Manufacturing,The sponsor is closley controlling the supply. An alternative generic product is available.,18/09/2024
353576,VIMCOSA lacosamide 50 mg tablet blister pack,lacosamide,"Tablet, film coated",50 mg,Pharmacor Pty Ltd,1300138805,Resolved,25/06/2024,1/8/2024,,Low,Available,Manufacturing,,9/8/2024
353583,VIMCOSA lacosamide 100 mg tablet blister pack,lacosamide,"Tablet, film coated",100 mg,Pharmacor Pty Ltd,1300138805,Resolved,22/05/2024,12/7/2024,,Low,Available,Manufacturing,,12/7/2024
354885,TEMOZOLOMIDE JUNO temozolomide 5 mg capsule bottle,temozolomide,"Capsule, hard",5 mg,Juno Pharmaceuticals Pty Ltd,388881288,Current,9/9/2024,31/12/2024,,Medium,Limited Availability,Manufacturing,The sponsor is working to expedite the next shipment. An alternative generic product is available.,10/9/2024
356830,PIRFENIDONE SANDOZ pirfenidone 267 mg film-coated tablet bottle,pirfenidone,Tablet,267 mg,Sandoz Pty Ltd,1800 726 369,Current,20/12/2023,19/01/2024,,Medium,Unavailable,Manufacturing,Sponsor is working to expedite the next shipment.,21/12/2023
358079,ROSPRIDE prucalopride (as succinate) 2 mg tablet blister pack,prucalopride succinate,Tablet,2.642 mg,Medsurge Pharma Pty Ltd,1300 788 261,Current,9/5/2024,31/12/2024,,Low,Unavailable,Manufacturing,Alternative generic products are available.,12/7/2024
363233,PHARMACOR MYCOPHENOLATE mycophenolate mofetil 1g/5ml powder for oral suspension bottle pack,mycophenolate mofetil,Suspension,200 mg/mL,Pharmacor Pty Ltd,1300138805,Current,20/12/2023,1/10/2024,,Low,Limited Availability,Manufacturing,Alternative generic products are available.,29/07/2024
365590,ARX-METHOTREXATE 10 methotrexate 10 mg tablet blister pack,methotrexate,Tablet,10 mg,Cipla Australia Pty Ltd,396964413,Anticipated,27/09/2024,10/1/2025,,Low,Available,Manufacturing,Alternative generic products are available.,16/09/2024
366892,OLMESARTAN/AMLODIPINE SANDOZ 40/10 olmesartan medoxomil 40 mg / amlodipine (as besilate) 10 mg film-coated tablet blister pack,olmesartan medoxomil~amlodipine besilate,"Tablet, film coated",40 mg~13.88 mg,Sandoz Pty Ltd,1800 726 369,Current,25/07/2024,6/12/2024,,Low,Unavailable,Manufacturing,Alternative generic products are available.,30/08/2024
366893,OLMESARTAN/AMLODIPINE SANDOZ 40/5 olmesartan medoxomil 40 mg/ amlodipine (as besilate) 5 mg film-coated tablet blister pack,olmesartan medoxomil~amlodipine besilate,"Tablet, film coated",40 mg~6.94 mg,Sandoz Pty Ltd,1800 726 369,Current,30/04/2024,15/10/2024,,Low,Limited Availability,Unexpected increase in consumer demand,Alternative generic products are available,19/09/2024
369472,BORTEZOMIB ACCORD bortezomib 3.5 mg/1.4 mL solution for injection vial,bortezomib,"Injection, solution",3.5 mg,Accord Healthcare Pty Ltd,1800 222 673,Current,26/03/2024,25/10/2024,,Low,Unavailable,Manufacturing,Alternative generic products are available.,26/09/2024
370353,TEPADINA thiotepa 100 mg powder for injection vial,thiotepa,"Injection, powder for",100 mg,Link Medical Products Pty Ltd T/A Link Pharmaceuticals,02 8401 9777,Current,3/5/2024,1/4/2025,,Low,Unavailable,Commercial Changes / Commercial viability,An alternative generic product is available.,7/6/2024
370354,TEPADINA thiotepa 400 mg powder for injection and solvent dual chamber infusion bag,thiotepa,"Injection, powder for",400 mg,Link Medical Products Pty Ltd T/A Link Pharmaceuticals,284019777,Current,8/1/2024,1/4/2025,,Low,Unavailable,Commercial Changes / Commercial viability,Alternative products in other strengths are available.,11/3/2024
370377,ISOPRENALINE MACURE isoprenaline hydrochloride 1 mg/5 mL solution for injection ampoule,isoprenaline hydrochloride,"Injection, solution",1 mg,Juno Pharmaceuticals Pty Ltd,03 8888 1288,Current,28/06/2024,27/06/2025,,Critical,Unavailable,Manufacturing,Alternative generic products are available.,28/06/2024
370794,ATOVAQUOPRO LUPIN 62.5/25 atovaquone/proguanil hydrochloride 62.5/25 mg film-coated tablet blister pack,atovaquone~proguanil hydrochloride,"Tablet, film coated",62.5 mg~25 mg,Generic Health Pty Ltd,03 9809 7900,Resolved,3/6/2024,26/07/2024,,Low,Available,Manufacturing,,9/8/2024
370899,METHYLPHENIDATE-TEVA XR methylphenidate hydrochloride 54 mg modified release tablet bottle,methylphenidate hydrochloride,"Tablet, modified release",54 mg,Teva Pharma Australia Pty Ltd,1800 288 382,Current,30/09/2024,15/12/2024,,Low,Unavailable,Manufacturing,Alternative product is available.,2/10/2024
370911,METHYLPHENIDATE-TEVA XR methylphenidate hydrochloride 27 mg modified release tablet bottle,methylphenidate hydrochloride,"Tablet, modified release",27 mg,Teva Pharma Australia Pty Ltd,1800 288 382,Anticipated,11/10/2024,15/12/2024,,Low,Available,Manufacturing,Alternative product is available.,27/09/2024
370912,METHYLPHENIDATE-TEVA XR methylphenidate hydrochloride 18 mg modified release tablet bottle,methylphenidate hydrochloride,"Tablet, modified release",18 mg,Teva Pharma Australia Pty Ltd,1800 288 382,Current,4/9/2024,15/12/2024,,Low,Unavailable,Manufacturing,Alternative generic products are available.,19/09/2024
371727,Verorab rabies virus vaccine (inactivated) 3.25 IU powder for injection vial with diluent pre-filled syringe with attached needle,Rabies virus,Powder,3.25 IU,Sanofi-Aventis Australia Pty Ltd,1800818806,Current,24/09/2024,18/10/2024,,Medium,Limited Availability,Unexpected increase in demand due to other sponsors unable to supply,Sponsor is working to expedite the next shipment.,25/09/2024
371879,MYTOLAC lanreotide (as acetate) 120 mg solution for injection pre-filled syringe,lanreotide acetate,"Injection, solution",133.33 mg,Amdipharm Mercury Australia Pty Ltd,1800 627 680,Current,19/06/2024,31/10/2024,,Low,Unavailable,Transport / Logistic issues / Storage capacity issues,Alternative generic products are available.,20/09/2024
371880,MYTOLAC lanreotide (as acetate) 90 mg solution for injection pre-filled syringe,lanreotide acetate,"Injection, solution",100 mg,Amdipharm Mercury Australia Pty Ltd,1800627680,Current,12/8/2024,30/11/2024,,Low,Unavailable,Transport / Logistic issues / Storage capacity issues,The sponsor is working to expedite the next shipment. An alternative product is available.,10/9/2024
373731,SITAGLO sitagliptin (as hydrochloride) 100 mg film-coated tablet blister pack,sitagliptin hydrochloride monohydrate,"Tablet, film coated",109 mg,Pharmacor Pty Ltd,1300138805,Current,15/07/2023,1/10/2024,,Low,Unavailable,Manufacturing,Alternative generic products are available.,10/9/2024
373737,SITAGLO sitagliptin (as hydrochloride) 50 mg film-coated tablet blister pack,sitagliptin hydrochloride monohydrate,"Tablet, film coated",54.5 mg,Pharmacor Pty Ltd,1300138805,Current,15/08/2023,1/10/2024,,Low,Unavailable,Manufacturing,Alternative generic products are available.,10/9/2024
373753,SITAGLO sitagliptin (as hydrochloride) 25 mg film-coated tablet blister pack,sitagliptin hydrochloride monohydrate,"Tablet, film coated",27.25 mg,Pharmacor Pty Ltd,1300138805,Current,12/7/2024,1/10/2024,,Low,Unavailable,Manufacturing,Alternative generic products are available.,12/9/2024
374062,KORSUVA difelikefalin (as acetate) 50 microgram/1 mL solution for injection vial,difelikefalin acetate,"Injection, solution",55 microgram,Seqirus Pty Ltd,1800 642 865,Resolved,1/6/2024,1/8/2024,,Medium,Available,Manufacturing,,23/08/2024
374285,ATROPINE JUNO atropine sulfate monohydrate 600 microgram/1mL injection BP ampoule,sodium hydroxide~atropine sulfate monohydrate,"Injection, solution",QS~600 microgram/mL,Juno Pharmaceuticals Pty Ltd,03 8888 1288,Discontinued,,,1/7/2024,Low,Reduction in supply until supply is exhausted,Commercial Changes / Commercial viability,Alternative generic products are available.,11/1/2024
374375,ADALICIP adalimumab 40 mg/0.4 mL solution for subcutaneous injection pre-filled syringe,Adalimumab,"Injection, solution",40 mg,Cipla Australia Pty Ltd,396964413,Discontinued,,,1/12/2024,Medium,Reduction in supply until supply is exhausted,Commercial Changes / Commercial viability,Alternative brands are available.,25/09/2024
374892,APO-LEVOTHYROXINE levothyroxine sodium 50 microgram un-coated tablet blister pack,levothyroxine sodium,"Tablet, uncoated",.05 mg,Southern Cross Pharma Pty Ltd,03 9809 7900,Anticipated,6/10/2024,20/12/2024,,Medium,Available,Manufacturing,Alternative generic products are available.,23/09/2024
374910,APO-LEVOTHYROXINE levothyroxine sodium 75 microgram un-coated tablet blister pack,levothyroxine sodium,"Tablet, uncoated",.075 mg,Southern Cross Pharma Pty Ltd,03 9809 7900,Anticipated,4/10/2024,20/12/2024,,Medium,Available,Manufacturing,Alternative generic products are available.,23/09/2024
374922,APO-LEVOTHYROXINE levothyroxine sodium 100 microgram un-coated tablet blister pack,levothyroxine sodium,"Tablet, uncoated",.1 mg,Southern Cross Pharma Pty Ltd,03 9809 7900,Current,23/07/2024,20/12/2024,,Low,Unavailable,Manufacturing,Alternative generic products are available.,19/09/2024
374925,APO-LEVOTHYROXINE levothyroxine sodium 200 microgram un-coated tablet blister pack,levothyroxine sodium,"Tablet, uncoated",.2 mg,Southern Cross Pharma Pty Ltd,03 9809 7900,Current,6/9/2024,20/12/2024,,Low,Limited Availability,Manufacturing,Alternative generic products are available.,19/09/2024
375035,DASATINIB SUN dasatinib 50 mg tablet bottle pack,dasatinib,"Tablet, film coated",50 mg,Sun Pharma ANZ Pty Ltd,298872600,Current,7/8/2024,29/11/2024,,Low,Unavailable,Unexpected increase in demand due to other sponsors unable to supply,Alternative generic products are available.,13/08/2024
375333,LIDOCAINE NORIDEM 2% lidocaine (lignocaine) hydrochloride 40 mg/2 mL solution for injection ampoule,lidocaine hydrochloride monohydrate,"Injection, solution",42.64 mg,Interpharma Pty Ltd,61299766876,Discontinued,,,1/10/2024,Low,Reduction in supply until supply is exhausted,Commercial Changes / Commercial viability,,17/05/2024
375334,LIDOCAINE NORIDEM 1% lidocaine (lignocaine) hydrochloride 20 mg/2 mL solution for injection ampoule,lidocaine hydrochloride monohydrate,"Injection, solution",21.32 mg,Interpharma Pty Ltd,61299766876,Discontinued,,,14/05/2024,Low,Unavailable,Commercial Changes / Commercial viability,,17/05/2024
375490,EXARANE enoxaparin sodium 40mg/0.4mL solution for injection prefilled syringe,enoxaparin sodium,"Injection, solution",40 mg,Juno Pharmaceuticals Pty Ltd,388881288,Discontinued,,,14/09/2024,Critical,Reduction in supply until supply is exhausted,Commercial Changes / Commercial viability,Other generic by same sponsor available - EXARANE enoxaparin sodium 40mg/0.4mL solution for injection prefilled syringe with safety lock system (ARTG 429090),23/08/2024
375492,EXARANE FORTE enoxaparin sodium 120mg/0.8mL solution for injection prefilled syringe,enoxaparin sodium,"Injection, solution",120 mg,Juno Pharmaceuticals Pty Ltd,388881288,Discontinued,,,22/10/2024,Critical,Reduction in supply until supply is exhausted,Commercial Changes / Commercial viability,Other generic by same sponsor available - EXARANE FORTE enoxaparin sodium 120mg/0.8mL solution for injection prefilled syringe with safety lock system (ARTG 429092),23/08/2024
375652,PHARMACOR EZETIMIBE ROSUVASTATIN COMPOSITE PACK 10 mg+10 mg ezetimibe 10 mg tablet and rosuvastatin (as calcium) 10 mg tablet blister composite pack,ezetimibe~rosuvastatin calcium,Tablet,10 mg~10.4 mg,Pharmacor Pty Ltd,1300138805,Current,22/07/2024,15/10/2024,,Low,Unavailable,Manufacturing,The sponsor is working to expedite the next shipment.,10/9/2024
375656,PHARMACOR EZETIMIBE ROSUVASTATIN COMPOSITE PACK 10 mg+40 mg ezetimibe 10 mg tablet and rosuvastatin (as calcium) 40 mg tablet blister composite pack,rosuvastatin calcium~ezetimibe,"Tablet~Tablet, film coated",41.6 mg~10 mg,Pharmacor Pty Ltd,1300138805,Current,21/07/2024,30/09/2024,,Low,Limited Availability,Manufacturing,The sponsor is working to expedite the next shipment. An alternative generic product is available.,20/09/2024
375663,PHARMACOR EZETIMIBE ROSUVASTATIN COMPOSITE PACK 10 mg+20 mg ezetimibe 10 mg tablet and rosuvastatin (as calcium) 20 mg tablet blister composite pack,rosuvastatin calcium~ezetimibe,"Tablet~Tablet, film coated",20.8 mg~10 mg,Pharmacor Pty Ltd,1300138805,Current,22/07/2024,30/09/2024,,Low,Unavailable,Manufacturing,The sponsor is working to expedite the next shipment.,20/09/2024
376686,PARAPANE OSTEO paracetamol 665 mg modified release tablet bottle,paracetamol,"Tablet, modified release",665 mg,Alphapharm Pty Ltd,1800274276,Current,17/01/2024,15/10/2024,,Low,Limited Availability,Transport / Logistic issues / Storage capacity issues,Alternative generic products are available.,27/09/2024
377970,Cipla Bisoprolol 2.5 bisoprolol fumarate 2.5 mg film-coated tablet blister pack,bisoprolol fumarate,"Tablet, film coated",2.5 mg,Cipla Australia Pty Ltd,396964413,Discontinued,,,1/12/2024,Low,Unavailable,Commercial Changes / Commercial viability,Alternative generic products are available.,26/09/2024
377971,Cipla Bisoprolol 5 bisoprolol fumarate 5 mg film-coated tablet blister pack,bisoprolol fumarate,"Tablet, film coated",5 mg,Cipla Australia Pty Ltd,396964413,Discontinued,,,1/12/2024,Low,Reduction in supply until supply is exhausted,Commercial Changes / Commercial viability,Alternative generic products are available.,26/09/2024
377972,Cipla Bisoprolol 10 bisoprolol fumarate 10 mg film-coated tablet blister pack,bisoprolol fumarate,"Tablet, film coated",10 mg,Cipla Australia Pty Ltd,396964413,Discontinued,,,1/12/2024,Low,Reduction in supply until supply is exhausted,Commercial Changes / Commercial viability,Alternative generic products are available.,26/09/2024
379611,BORTEZOMIB BAXTER bortezomib 3.5 mg powder for injection vial,bortezomib,"Injection, powder for",3.5 mg,Baxter Healthcare Pty Ltd,1300302409,Discontinued,,,31/05/2024,Low,Unavailable,Commercial Changes / Commercial viability,Alternative generic products are available.,6/6/2024
381113,APO-Sodium Valproate 500 mg tablet blister pack,sodium valproate,"Tablet, enteric coated",500 mg,Arrotex Pharmaceuticals Pty Ltd,1800 195 055,Resolved,23/08/2024,23/08/2024,,Low,Available,Manufacturing,,27/08/2024
384587,FENTANYL JUNO fentanyl (as citrate) 100 microgram/2 mL injection ampoule,fentanyl citrate,"Injection, solution",157 microgram,Juno Pharmaceuticals Pty Ltd,388881288,Current,12/8/2024,1/12/2024,,Low,Limited Availability,Manufacturing,Alternative generic products are available.,12/8/2024
385082,ALEPAM 30 oxazepam 30mg tablet blister pack,oxazepam,"Tablet, uncoated",30 mg,Alphapharm Pty Ltd,1800274276,Current,22/02/2024,28/02/2025,,Low,Unavailable,Manufacturing,Alternative generic products are available.,20/08/2024
387625,SUGAMMADEX JUNO sugammadex (as sodium) 200 mg/2 mL solution for injection vial,sugammadex sodium,"Injection, solution",217.6 mg,Juno Pharmaceuticals Pty Ltd,388881288,Resolved,30/09/2024,30/09/2024,,Low,Available,Commercial Changes / Commercial viability,,1/10/2024
388084,VITRAKVI larotrectinib (as sulfate) 20 mg/mL bottle,larotrectinib sulfate,"Oral Liquid, solution",24.6 mg/mL,Bayer Australia Ltd,1800 008 757,Resolved,30/07/2024,30/07/2024,,Low,Available,Manufacturing,,1/8/2024
388870,BETAHISTINE LUPIN  betahistine dihydrochloride 16mg tablet blister pack,betahistine dihydrochloride,Tablet,16 mg,Southern Cross Pharma Pty Ltd,03 9809 7900,Current,22/04/2024,11/10/2024,,Low,Unavailable,Unexpected increase in consumer demand,Alternative generic products are available.,3/9/2024
391682,BTC Ezetimibe 10mg tablet blister pack,ezetimibe,Tablet,10 mg,Sandoz Pty Ltd,1800 726 369,Current,9/5/2024,15/11/2024,,Low,Unavailable,Manufacturing,"The sponsor is working to expedite the next shipment. An unregistered product has been approved for supply under Section 19A. The approval holder, Reach Pharmaceuticals Pty Ltd, can be contacted for details on supply on 0422 429 648.",24/09/2024
393491,VARENAPIX 0.5 mg varenicline (as tartrate) tablets and 1.0 mg varenicline (as tartrate) tablets composite blister pack,varenicline tartrate~varenicline tartrate,"Tablet, film coated",.855 mg~1.71 mg,Arrotex Pharmaceuticals Pty Ltd,1800195055,Resolved,21/06/2024,19/07/2024,,Low,Available,Manufacturing,,24/07/2024
393992,RECAGON follitropin beta (rch) 600 IU solution for injection cartridge,Follitropin beta,"Injection, solution",833 IU/mL,ORGANON PHARMA PTY LTD,1800023135,Discontinued,,,1/4/2025,Low,Reduction in supply until supply is exhausted,Commercial Changes / Commercial viability,An alternative brand is available.,1/10/2024
39837,STIEVA-A 0.025% tretinoin 0.25mg/g cream tube,tretinoin,Cream,.25 mg/g,GlaxoSmithKline Australia Pty Ltd,1800033109,Discontinued,,,22/02/2024,Medium,Reduction in supply until supply is exhausted,Commercial Changes / Commercial viability,,18/05/2023
40145,SOLUVIT N powder for injection vial,folic acid~riboflavine sodium phosphate~cyanocobalamin~thiamine nitrate~pyridoxine hydrochloride~Biotin~nicotinamide~sodium ascorbate~sodium pantothenate,"Injection, powder for",.4 mg~4.9 mg~5 microgram~3.1 mg~4.9 mg~60 microgram~40 mg~113 mg~16.5 mg,Fresenius Kabi Australia Pty Ltd,410431557,Current,30/04/2024,31/12/2024,,Medium,Limited Availability,Manufacturing,The sponsor is closely controlling the supply.,1/5/2024
40624,MIOSTAT carbachol 0.15mg/1.5mL intraocular injection vial,carbachol,"Injection, solution",100 microgram/mL,Alcon Laboratories Australia Pty Ltd,1800 025 032,Current,17/06/2024,15/10/2024,,Medium,Limited Availability,Unexpected increase in demand due to other sponsors unable to supply,The sponsor is closely controlling the supply and is working to expedite the next shipment.,19/08/2024
407050,MOUNJARO tirzepatide 5 mg/0.5 mL solution for injection vial,tirzepatide,"Injection, solution",5 mg,Eli Lilly Australia Pty Ltd,1800 454 559,Current,22/11/2023,31/08/2025,,Medium,Limited Availability,Commercial Changes / Commercial viability,"An unregistered product has been approved for supply under Section 19A. See the website:
https://www.tga.gov.au/ws-sl9a-index and search for the active ingredient. A TGA web alert is available at: https://www.tga.gov.au/safety/shortages/medicine-shortage-alerts/shortage-mounjaro-tirzepatide-injections",30/08/2024
407051,MOUNJARO tirzepatide 7.5 mg/0.5 mL solution for injection vial,tirzepatide,"Injection, solution",7.5 mg,Eli Lilly Australia Pty Ltd,1800 454 559,Current,22/11/2023,31/08/2025,,Medium,Limited Availability,Commercial Changes / Commercial viability,"An unregistered product has been approved for supply under Section 19A. See the website:
https://www.tga.gov.au/ws-sl9a-index and search for the active ingredient. A TGA web alert is available at: https://www.tga.gov.au/safety/shortages/medicine-shortage-alerts/shortage-mounjaro-tirzepatide-injections",30/08/2024
407052,MOUNJARO tirzepatide 12.5 mg/0.5 mL solution for injection vial,tirzepatide,"Injection, solution",12.5 mg,Eli Lilly Australia Pty Ltd,1800 454 559,Current,22/11/2023,31/08/2025,,Medium,Limited Availability,Commercial Changes / Commercial viability,"An unregistered product has been approved for supply under Section 19A. See the website:
https://www.tga.gov.au/ws-sl9a-index and search for the active ingredient. A TGA web alert is available at: https://www.tga.gov.au/safety/shortages/medicine-shortage-alerts/shortage-mounjaro-tirzepatide-injections",30/08/2024
407053,MOUNJARO tirzepatide 10 mg/0.5 mL solution for injection vial,tirzepatide,"Injection, solution",10 mg,Eli Lilly Australia Pty Ltd,1800 454 559,Current,22/11/2023,31/08/2025,,Medium,Limited Availability,Commercial Changes / Commercial viability,"An unregistered product has been approved for supply under Section 19A. See the website:
https://www.tga.gov.au/ws-sl9a-index and search for the active ingredient. A TGA web alert is available at: https://www.tga.gov.au/safety/shortages/medicine-shortage-alerts/shortage-mounjaro-tirzepatide-injections",30/08/2024
407054,MOUNJARO tirzepatide 15 mg/0.5 mL solution for injection vial,tirzepatide,"Injection, solution",15 mg,Eli Lilly Australia Pty Ltd,1800 454 559,Current,22/11/2023,31/08/2025,,Medium,Unavailable,Commercial Changes / Commercial viability,"An unregistered product has been approved for supply under Section 19A. See the website:
https://www.tga.gov.au/ws-sl9a-index and search for the active ingredient. A TGA web alert is available at: https://www.tga.gov.au/safety/shortages/medicine-shortage-alerts/shortage-mounjaro-tirzepatide-injections",30/08/2024
407055,MOUNJARO tirzepatide 2.5 mg/0.5 mL solution for injection vial,tirzepatide,"Injection, solution",2.5 mg,Eli Lilly Australia Pty Ltd,1800 454 559,Current,22/11/2023,31/08/2025,,Medium,Limited Availability,Commercial Changes / Commercial viability,"An unregistered product has been approved for supply under Section 19A. See the website:
https://www.tga.gov.au/ws-sl9a-index and search for the active ingredient. A TGA web alert is available at: https://www.tga.gov.au/safety/shortages/medicine-shortage-alerts/shortage-mounjaro-tirzepatide-injections",30/08/2024
40926,ACCUPRIL quinapril hydrochloride 5mg tablet blister pack,quinapril hydrochloride,"Tablet, film coated",5.42 mg,Pfizer Australia Pty Ltd,1800 675 229,Discontinued,,,19/04/2024,Low,Unavailable,Product recall,,22/04/2024
40927,INZA 250 naproxen 250 mg tablet bottle,naproxen,"Tablet, uncoated",250 mg,Alphapharm Pty Ltd,1800274276,Resolved,22/04/2024,9/7/2024,,Low,Available,Manufacturing,,10/7/2024
40928,ACCUPRIL quinapril hydrochloride 10mg tablet blister pack,quinapril hydrochloride,"Tablet, film coated",10.83 mg,Pfizer Australia Pty Ltd,1800 675 229,Discontinued,,,19/04/2024,Low,Unavailable,Product recall,,19/04/2024
40930,ACCUPRIL quinapril hydrochloride 20mg tablet blister pack,quinapril hydrochloride,"Tablet, film coated",21.66 mg,Pfizer Australia Pty Ltd,1800 675 229,Discontinued,,,19/04/2024,Low,Unavailable,Product recall,,19/04/2024
414770,ARX-DABIGATRAN dabigatran etexilate (as mesilate) 75 mg capsule blister pack,dabigatran etexilate mesilate,Capsule,86.475 mg,Arrotex Pharmaceuticals Pty Ltd,1800195055,Anticipated,15/11/2024,21/02/2025,,Low,Available,Manufacturing,,5/7/2024
42163,UROGRAFIN 30% 250mL injection bottle,amidotrizoate meglumine~sodium amidotrizoate,"Injection, intravenous infusion",260 mg/mL~40 mg/mL,Bayer Australia Ltd,1800008757,Current,10/4/2024,31/12/2024,,Low,Unavailable,Manufacturing,Sponsor is working to expedite the next shipment.,30/08/2024
42192,SANDOSTATIN Octreotide 50 microgram/1mL injection ampoule,octreotide,"Injection, solution",50 microgram/mL,Novartis Pharmaceuticals Australia Pty Ltd,1800635202,Current,23/05/2024,16/10/2024,,Medium,Limited Availability,Unexpected increase in demand due to other sponsors unable to supply,An unregistered product has been approved for supply under Section 19A. See the website: https://www.tga.gov.au/ws-sl9a-index and search for the active ingredient.,12/7/2024
42193,SANDOSTATIN Octreotide 100 microgram/1mL injection ampoule,octreotide,"Injection, solution",100 microgram/mL,Novartis Pharmaceuticals Australia Pty Ltd,1800635202,Resolved,26/08/2024,26/08/2024,,Medium,Available,Unexpected increase in demand due to other sponsors unable to supply,,28/08/2024
42422,ORUVAIL SR ketoprofen 200mg capsule blister pack,ketoprofen,"Capsule, modified release",185.8 mg,Sanofi-Aventis Australia Pty Ltd,1800818806,Discontinued,,,30/10/2024,Low,Reduction in supply until supply is exhausted,Commercial Changes / Commercial viability,,10/5/2024
42975,DANTRIUM dantrolene sodium hemiheptahydrate 25mg capsule bottle,dantrolene sodium hemiheptahydrate,Capsule,25 mg,Pfizer Australia Pty Ltd,1800 675 229,Current,28/05/2018,31/12/2025,,Medium,Unavailable,Manufacturing,,23/10/2023
42976,DANTRIUM dantrolene sodium hemiheptahydrate 50mg capsule bottle,dantrolene sodium hemiheptahydrate,Capsule,50 mg,Pfizer Australia Pty Ltd,1800 675 229,Current,31/05/2018,31/12/2025,,Medium,Unavailable,Manufacturing,An unregistered product containing dantrolene 25mg has been approved for supply under Section 19A. See the website https://www.tga.gov.au/resources/section-19a-approvals and search for the active ingredient.,19/10/2023
43026,COLIFOAM (10% w/w Hydrocortisone Acetate) Rectal Foam Cream aerosol can,hydrocortisone acetate,Enema,10 % w/w,Viatris Pty Ltd,1800 314 527,Discontinued,,,2/8/2024,Medium,Unavailable,Manufacturing,,7/8/2024
43840,OTODEX EAR DROPS dexamethasone (as sodium metasulfobenzoate) framycetin sulfate gramicidin 8 mL bottle,dexamethasone~framycetin sulfate~gramicidin,Ear Drops,.5 mg/mL~5 mg/mL~.05 mg/mL,Sanofi-Aventis Australia Pty Ltd,1800818806,Resolved,12/3/2024,21/08/2024,,Medium,Available,Manufacturing,,23/08/2024
44464,DEPO-RALOVERA medroxyprogesterone acetate 150 mg/1 mL injection vial,medroxyprogesterone acetate,"Injection, suspension",150 mg/mL,Pfizer Australia Pty Ltd,1800 675 229,Discontinued,,,1/7/2024,Low,Unavailable,Commercial Changes / Commercial viability,This product will be replaced by an alternative presentation - DEPO-PROVERA medroxyprogesterone acetate 150 mg/1 mL suspension for injection pre-filled syringe (ARTG 401610).,23/07/2024
44465,IMIGRAN Mk II sumatriptan 6mg/0.5mL (as succinate)  injection syringe (N),sumatriptan succinate,"Injection, solution",16.8 mg/mL,Aspen Pharmacare Australia Pty Ltd,1300659646,Discontinued,,,8/11/2023,Medium,Unavailable,Commercial Changes / Commercial viability,Other dosage forms are available.,14/11/2023
44466,IMIGRAN Mk II sumatriptan 6mg/0.5mL (as succinate) injection syringe with autoinjector (N),sumatriptan succinate,"Injection, solution",16.8 mg/mL,Aspen Pharmacare Australia Pty Ltd,1300659646,Discontinued,,,8/11/2023,Low,Unavailable,Commercial Changes / Commercial viability,An alternative product is available.,21/02/2024
46451,DBL DOBUTAMINE 250mg/20mL (as hydrochloride) injection vial,dobutamine hydrochloride,"Injection, solution",14.01 mg/mL,Pfizer Australia Pty Ltd,1800-675-229,Resolved,8/7/2024,16/07/2024,,Critical,Available,Manufacturing,,17/07/2024
46640,OPTIRAY 240 Ioversol 63.63 g/125 mL injection syringe (power injector),ioversol,"Injection, solution",509 mg/mL,Guerbet Australia Pty Ltd,280753007,Current,18/07/2022,31/01/2025,,Low,Unavailable,Commercial Changes / Commercial viability,,12/1/2024
46641,OPTIRAY 320 Ioversol 33.9 g/50 mL injection syringe (hand held and power injector),ioversol,"Injection, solution",678 mg/mL,Guerbet Australia Pty Ltd,280753007,Current,18/07/2022,31/01/2025,,Medium,Unavailable,Manufacturing,,12/1/2024
46642,OPTIRAY 320 Ioversol 84.75 g/125 mL injection syringe (power injector),ioversol,"Injection, solution",678 mg/mL,Guerbet Australia Pty Ltd,280753007,Current,18/07/2022,31/01/2025,,Medium,Unavailable,Unexpected increase in demand due to other sponsors unable to supply,,12/1/2024
46841,DROLEPTAN droperidol 2.5mg/1mL injection ampoule,droperidol,"Injection, solution",2.5 mg/mL,Phebra Pty Ltd,1800 720 020,Current,2/8/2023,30/08/2024,,Low,Unavailable,Commercial Changes / Commercial viability,Other brands available,10/8/2023
46942,DBL PHENYTOIN INJECTION 100mg/2mL ampoule,phenytoin sodium,"Injection, solution",100 mg,Pfizer Australia Pty Ltd,1800-675-229,Discontinued,,,1/11/2025,Critical,Reduction in supply until supply is exhausted,Commercial Changes / Commercial viability,Alternative generic products are available.,13/09/2024
47260,DBL FLUOROURACIL 500mg/10mL injection BP vial,fluorouracil,"Injection, solution",50 mg/mL,Pfizer Australia Pty Ltd,1800-675-229,Current,2/7/2024,16/12/2024,,Medium,Limited Availability,Manufacturing,The sponsor is closely controlling the supply. Other strengths are available.,8/8/2024
47275,DBL CISPLATIN 50mg/50mL injection vial,cisplatin,"Injection, solution",1 mg/mL,Pfizer Australia Pty Ltd,1800-675-229,Current,17/06/2024,18/10/2024,,Low,Limited Availability,Unexpected increase in consumer demand,Alternative generic product is available.,11/9/2024
47276,DBL CISPLATIN 100mg/100mL injection vial,cisplatin,"Injection, solution",1 mg/mL,Pfizer Australia Pty Ltd,1800-675-229,Current,28/08/2024,1/11/2024,,Low,Limited Availability,Unexpected increase in demand due to other sponsors unable to supply,Unregistered products have been approved for supply under Section 19A. See the website: https://www.tga.gov.au/ws-sl9a-index and search for the active ingredient.,28/08/2024
47543,SEVREDOL morphine sulfate pentahydrate 10mg tablet blister pack,morphine sulfate pentahydrate,"Tablet, film coated",10 mg,Mundipharma Pty Ltd,1800 188 009,Discontinued,,,10/5/2024,Low,Unavailable,Commercial Changes / Commercial viability,An unregistered product has been approved for supply under Section 19A. Please contact Link Medical Products on 1800 181 060 for details on supply.,24/06/2024
47636,DALACIN C clindamycin 600mg/4mL (as phosphate) injection ampoule,clindamycin phosphate,"Injection, solution",0 QS,Pfizer Australia Pty Ltd,1800-675-229,Resolved,18/06/2024,9/7/2024,,Low,Available,Manufacturing,,9/7/2024
47997,OPTIRAY 350 Ioversol 74% w/v 55.575g/75mL injection vial,ioversol,"Injection, solution",741 mg/mL,Guerbet Australia Pty Ltd,02 8075 3007,Current,13/05/2022,31/01/2025,,Low,Unavailable,Manufacturing,,12/1/2024
48055,Pfizer (Australia) VINCRISTINE SULFATE 2mg/2mL injection vial,vincristine sulfate,"Injection, solution",1 mg/mL,Pfizer Australia Pty Ltd,1800-675-229,Discontinued,,,1/5/2025,Low,Reduction in supply until supply is exhausted,Commercial Changes / Commercial viability,Alternative generic products are available.,28/08/2024
48230,RIMYCIN 150 rifampicin 150 mg capsule bottle,rifampicin,"Capsule, hard",150 mg,Alphapharm Pty Ltd,1800274276,Resolved,13/12/2023,19/08/2024,,Critical,Available,Manufacturing,,21/08/2024
48287,E-MYCIN 400 erythromycin 400mg/5mL (as ethylsuccinate) powder for oral liquid bottle,erythromycin ethyl succinate,"Oral Liquid, powder for",468 mg,Alphapharm Pty Ltd,1800274276,Current,3/9/2024,30/11/2024,,Medium,Limited Availability,Unexpected increase in consumer demand,The sponsor is working to expedite the next shipment.,23/09/2024
49232,HEPARIN SODIUM 5000IU/5mL (porcine mucous) injection ampoule,heparin sodium,"Injection, solution",1000 IU/mL,Pfizer Australia Pty Ltd,1800-675-229,Current,24/03/2023,1/6/2025,,Critical,Unavailable,Manufacturing,Unregistered products have been approved for supply under Section 19A. See the website https://www.tga.gov.au/resources/section-19a-approvals and search for the active ingredient.,16/09/2024
49236,HEPARIN SODIUM 25000IU/5mL (porcine mucous) injection ampoule,heparin sodium,"Injection, solution",5000 IU/mL,Pfizer Australia Pty Ltd,1800-675-229,Current,30/09/2024,31/12/2024,,Critical,Limited Availability,Manufacturing,The sponsor is working to expedite the next shipment.,30/09/2024
49278,Bridgewest SODIUM CHLORIDE 0.9% (90mg/10mL) injection BP ampoule,sodium chloride,"Injection, solution",90 mg,Bridgewest Perth Pharma Pty Ltd,1800161156,Current,1/7/2024,31/03/2025,,Low,Limited Availability,Manufacturing,The sponsor is working to expedite the next shipment. An alternative product is available.,30/08/2024
49280,Pfizer (Australia) SODIUM CHLORIDE 0.9% (900mg/100mL) IV infusion,sodium chloride,"Injection, intravenous infusion",900 mg,Pfizer Australia Pty Ltd,1800-675-229,Current,29/08/2024,31/01/2025,,Low,Unavailable,Manufacturing,The sponsor is working to expedite the next shipment. Unregistered products have been approved for supply under Section 19A. See the website: https://www.tga.gov.au/ws-s19a-index and search for the active ingredient.,30/08/2024
49285,Pfizer (Australia) CYTARABINE 2g/20mL injection vial,cytarabine,"Injection, solution",2 g,Pfizer Australia Pty Ltd,1800-675-229,Discontinued,,,1/3/2024,Low,Reduction in supply until supply is exhausted,Commercial Changes / Commercial viability,Other generic by same sponsor available - DBL CYTARABINE 2g/20mL injection vial ARTG 47286.,31/10/2023
49295,Bridgewest LIDOCAINE INJECTION 2% 400 mg/20 mL solution for injection ampoule,lidocaine hydrochloride monohydrate,"Injection, solution",20 mg/mL,Bridgewest Perth Pharma Pty Ltd,1800161156,Current,28/03/2024,30/11/2024,,Low,Unavailable,Manufacturing,Alternative products are available.,16/05/2024
49297,Bridgewest LIDOCAINE INJECTION 1% 200 mg/20 mL solution for injection ampoule,lidocaine hydrochloride monohydrate,"Injection, solution",10 mg/mL,Bridgewest Perth Pharma Pty Ltd,1800161156,Current,21/05/2024,30/11/2024,,Low,Unavailable,Manufacturing,Alternative products are available.,22/05/2024
49326,TAZAC PULVULES nizatidine 300mg capsule blister pack,nizatidine,"Capsule, hard",300 mg,Arrotex Pharmaceuticals Pty Ltd,1800 195 055,Current,6/9/2024,23/05/2025,,Low,Unavailable,Manufacturing,The sponsor is working to expedite the next shipment.,11/9/2024
49422,OPTIRAY 320 Ioversol 33.9g/50mL injection vial,ioversol,"Injection, solution",678 mg/mL,Guerbet Australia Pty Ltd,02 8075 3007,Current,20/05/2022,31/01/2025,,Low,Unavailable,Manufacturing,,12/1/2024
49428,XYLONOR Spray Solution 15% w/w/ bottle,cetrimide~lidocaine,"Spray, solution",1.5 mg/g~150 mg/g,Specialites Septodont Pty Ltd,432292770,Discontinued,,,1/1/2024,Low,Unavailable,Commercial Changes / Commercial viability,Similar therapeutic products available,20/02/2024
49612,OPTIRAY 350 Ioversol 74% w/v 148.2g/200mL injection vial,ioversol,"Injection, solution",741 mg/mL,Guerbet Australia Pty Ltd,02 8075 3007,Current,18/07/2022,31/01/2025,,Medium,Unavailable,Manufacturing,,12/1/2024
49822,PULMOZYME dornase alfa 1mg/mL spray solution ampoule,Dornase alfa,"Spray, solution",1 mg/mL,Roche Products Pty Ltd,1800233950,Resolved,19/09/2024,19/09/2024,,Critical,Available,Commercial Changes / Commercial viability,,19/09/2024
50306,TIMOPTOL-XE timolol 5mg/mL (as maleate) eye drops bottle,timolol maleate,"Eye Drops, solution",6.84 mg/mL,Mundipharma Pty Ltd,1800 188 009,Current,12/8/2024,28/02/2025,,Low,Unavailable,Manufacturing,Mundipharma has made the decision to reinstate Timoptol XE eye drops as an ongoing product available in the Australian market. An unregistered product has been approved for supply under Section 19A. See the website: https://www.tga.gov.au/ws-sl9a-index and search for the active ingredient.,30/08/2024
51796,OPTIRAY 350 ULTRAJECT Ioversol 74% w/v 37.05g/50mL injection syringe,ioversol,"Injection, solution",741 mg/mL,Guerbet Australia Pty Ltd,280753007,Current,18/07/2022,31/01/2025,,Low,Unavailable,Manufacturing,,11/1/2024
53284,MOBILIS D-20 piroxicam 20mg dispersible tablet blister pack,piroxicam,"Tablet, dispersible",20 mg,Alphapharm Pty Ltd,1800274276,Discontinued,,,31/05/2024,Low,Reduction in supply until supply is exhausted,Commercial Changes / Commercial viability,,19/01/2024
53582,DIPENTUM olsalazine sodium 500mg tablet bottle,olsalazine sodium,"Tablet, uncoated",500 mg,Atnahs Pharma Australia Pty Ltd,399185555,Current,11/10/2022,31/10/2024,,Medium,Unavailable,Manufacturing,,30/10/2023
53773,ZACTIN fluoxetine 20mg (as hydrochloride) capsule blister pack,fluoxetine hydrochloride,"Capsule, hard",22.36 mg,Alphapharm Pty Ltd,1800274276,Resolved,15/04/2024,7/8/2024,,Medium,Available,Manufacturing,,9/8/2024
53918,DIFFERIN adapalene 1mg/g gel tube,adapalene,Gel,1 mg/g,Galderma Australia Pty Ltd,294790600,Discontinued,,,31/03/2024,Low,Reduction in supply until supply is exhausted,Commercial Changes / Commercial viability,This product will be replaced by an alternative product - DIFFERIN ACNE TREATMENT adapalene 1 mg/g gel tube (ARTG 404112),6/12/2023
54638,TOMUDEX raltitrexed 2mg powder for injection vial,raltitrexed,"Injection, powder for",2 mg,Pfizer Australia Pty Ltd,1800-675-229,Resolved,8/7/2024,5/8/2024,,Critical,Available,Unexpected increase in consumer demand,,5/8/2024
54672,ARIMIDEX anastrozole 1mg tablets blister pack,anastrozole,"Tablet, film coated",1 mg,AstraZeneca Pty Ltd,1800805342,Discontinued,,,31/05/2024,Low,Reduction in supply until supply is exhausted,Commercial Changes / Commercial viability,Alternative generic products are available.,31/05/2024
54674,MERREM meropenem (as trihydrate) 1g powder for injection vial,meropenem,"Injection, powder for",1 g,Pfizer Australia Pty Ltd,1800-675-229,Discontinued,,,1/8/2024,Low,Unavailable,Commercial Changes / Commercial viability,Alternative generic products are available.,8/7/2024
54675,MERREM meropenem (as trihydrate) 500mg powder for injection vial,meropenem,"Injection, powder for",500 mg,Pfizer Australia Pty Ltd,1800-675-229,Discontinued,,,1/8/2024,Low,Unavailable,Commercial Changes / Commercial viability,Alternative generic products are available.,8/7/2024
54846,PAXAM 0.5 clonazepam 0.5mg tablet bottle,clonazepam,"Tablet, uncoated",.5 mg,Alphapharm Pty Ltd,1800274276,Anticipated,25/11/2024,31/12/2024,,Low,Available,Manufacturing,An alternative generic product is available. The sponsor is closely controlling the supply.,4/9/2024
54847,PAXAM 2 clonazepam 2mg tablet bottle,clonazepam,"Tablet, uncoated",2 mg,Alphapharm Pty Ltd,1800274276,Current,26/08/2024,31/12/2024,,Low,Limited Availability,Manufacturing,"The sponsor is closely controlling the supply. An unregistered product has been approved for supply under Section 19A. The approval holder, Link Medical Products Pty Ltd, can be contacted for details on supply on 1800 181 060.",27/09/2024
54860,RADPHARM MAA kit for the production of Technetium (99mTc) Macrosalb powder for injection multidose vial,Albumin~aggregated albumin~stannous chloride,"Injection, powder for",.25 mg~2.25 mg~.21 mg,Global Medical Solutions Australia Pty Limited T/A Radpharm Scientific,295038100,Current,16/11/2017,31/12/2025,,Medium,Unavailable,Commercial Changes / Commercial viability,,3/1/2024
55022,TRUSOPT dorzolamide 20mg/mL (as hydrochloride) eye drops bottle,dorzolamide hydrochloride,"Eye Drops, solution",22.26 mg/mL,Mundipharma Pty Ltd,1800 188 009,Anticipated,30/10/2024,15/01/2025,,Low,Available,Manufacturing,Mundipharma has made the decision to reinstate Trusopt eye drops as an ongoing product available in the Australian market. An alternative generic product is available.,19/09/2024
55038,MYCOBUTIN Rifabutin 150mg capsule blister pack,rifabutin,"Capsule, hard",150 mg,Pfizer Australia Pty Ltd,1800-675-229,Anticipated,25/10/2024,8/11/2024,,Medium,Available,Manufacturing,Sponsor is working to expedite the next shipment.,13/09/2024
55273,LUMIN 20 Mianserin hydrochloride 20mg tablet blister pack,mianserin hydrochloride,"Tablet, film coated",20 mg,Alphapharm Pty Ltd,1800274276,Resolved,2/8/2024,19/08/2024,,Medium,Available,Manufacturing,,19/08/2024
56197,CLIMARA 50 estradiol 50 micrograms/day transdermal drug delivery system sachet,estradiol,"Drug delivery system, transdermal",3.8 mg,Bayer Australia Ltd,1800 008 757,Discontinued,,,15/03/2024,Medium,Reduction in supply until supply is exhausted,Commercial Changes / Commercial viability,,15/05/2023
56729,KLACID clarithromycin 250mg/5mL powder for oral liquid bottle,clarithromycin,"Oral Liquid, powder for",50 mg/mL,Viatris Pty Ltd,1800 314 527,Current,9/5/2024,11/10/2024,,Medium,Limited Availability,Unexpected increase in consumer demand,Sponsor is working to expedite the next shipment. An unregistered product has been approved for supply under Section 19A. See the website https://www.tga.gov.au/resources/section-19a-approvals and search for the active ingredient.,10/9/2024
56809,DBL Aciclovir 250mg/10mL Intravenous infusion injection vial,aciclovir,"Injection, solution",25 mg/mL,Pfizer Australia Pty Ltd,1800-675-229,Current,22/08/2023,30/04/2025,,Critical,Unavailable,Manufacturing,"The sponsor is working to expedite the next shipment. An unregistered product has been approved for supply under Section 19A. The approval holder, Pro Pharmaceuticals Group Pty Ltd, can be contacted for details on supply on 1300 077 674.",12/9/2024
56810,DBL Aciclovir 500mg/20mL Intravenous infusion injection vial,aciclovir,"Injection, solution",25 mg/mL,Pfizer Australia Pty Ltd,1800-675-229,Resolved,28/07/2023,8/7/2024,,Critical,Available,Manufacturing,,8/7/2024
57186,AMARYL glimepiride 1mg tablet blister pack,glimepiride,"Tablet, uncoated",1 mg,Sanofi-Aventis Australia Pty Ltd,1800818806,Discontinued,,,30/06/2024,Low,Reduction in supply until supply is exhausted,Commercial Changes / Commercial viability,Alternative generic products are available.,18/12/2023
57189,AMARYL glimepiride 2mg tablet blister pack,glimepiride,"Tablet, uncoated",2 mg,Sanofi-Aventis Australia Pty Ltd,1800 818 806,Discontinued,,,28/01/2024,Low,Reduction in supply until supply is exhausted,Commercial Changes / Commercial viability,Alternative generic products are available.,2/8/2023
57367,CABASER Cabergoline 2mg tablet bottle,cabergoline,"Tablet, uncoated",2 mg,Pfizer Australia Pty Ltd,1800 675 229,Anticipated,5/11/2024,15/03/2025,,Low,Available,Manufacturing,The sponsor is closely controlling the supply.,9/8/2024
57370,ZEDACE Captopril 25mg tablet blister pack,captopril,"Tablet, uncoated",25 mg,Alphapharm Pty Ltd,1800274276,Resolved,30/06/2023,1/10/2024,,Low,Available,Manufacturing,,2/10/2024
57371,ZEDACE Captopril 50mg tablet blister pack,captopril,"Tablet, uncoated",50 mg,Alphapharm Pty Ltd,1800274276,Resolved,19/12/2023,1/10/2024,,Low,Available,Manufacturing,,2/10/2024
59320,MINIRIN desmopressin acetate 10 microgram/actuation nasal spray,desmopressin acetate,"Spray, solution",.1 mg/mL,Ferring Pharmaceuticals Pty Ltd,1800512340,Current,20/07/2020,30/09/2025,,Medium,Unavailable,Product recall,An unregistered product has been approved for supply under Section 19A. The approval holder Medsurge Pty Ltd can be contacted for details on supply on 1300 788 261.,23/09/2024
59600,MONODUR isosorbide mononitrate 60 mg modified release tablet blister pack,isosorbide mononitrate,"Tablet, modified release",60 mg,Clinect Pty Ltd,1800899005,Discontinued,,,25/10/2023,Low,Unavailable,Commercial Changes / Commercial viability,Alternative generic products are available.,30/10/2023
59912,ONCOTICE BCG 5 hundred million CFU powder for injection vial,Mycobacterium bovis (Bacillus Calmette and Guerin (BCG) strain),"Injection, powder for",200000000 CFU,Merck Sharp & Dohme (Australia) Pty Ltd,1800818553,Current,1/1/2019,31/12/2024,,Critical,Limited Availability,Unexpected increase in consumer demand,An unregistered product has been approved for supply under Section 19A. See the website: https://www.tga.gov.au/ws-s19a-index and search for the active ingredient,7/3/2022
60049,ZITHROMAX azithromycin (as dihydrate) 200mg/5mL (when reconstituted) powder for oral suspension bottle,azithromycin dihydrate,"Suspension, powder for",209.65 mg,Pfizer Australia Pty Ltd,1800-675-229,Current,18/04/2024,31/01/2025,,Critical,Unavailable,Unexpected increase in consumer demand,Unregistered products have been approved for supply under Section 19A. See the website: https://www.tga.gov.au/ws-s19a-index and search for the active ingredient.,10/9/2024
60057,ZITHROMAX azithromycin (as dihydrate) 600mg tablet blister pack,azithromycin dihydrate,"Tablet, film coated",628.93 mg,Pfizer Australia Pty Ltd,1800-675-229,Current,3/9/2024,20/12/2024,,Medium,Unavailable,Manufacturing,The sponsor is working to expedite the next shipment. An azithromycin 600mg tablet product may be available via the Special Access Scheme: https://www.tga.gov.au/products/prescribe-unapproved-therapeutic-good-health-practitioners,3/9/2024
60384,"CAELYX doxorubicin hydrochloride 20mg/10mL Injection, concentrated",doxorubicin hydrochloride,"Injection, concentrated",2 mg/mL,Baxter Healthcare Pty Ltd,1300302409,Resolved,17/06/2024,15/08/2024,,Medium,Available,Manufacturing,,16/08/2024
60673,TOFRANIL 25 imipramine hydrochloride 25mg tablet blister pack,imipramine hydrochloride,"Tablet, sugar coated",25 mg,Amdipharm Mercury Australia Pty Ltd,1800 627 680,Current,29/04/2022,31/12/2024,,Critical,Unavailable,Manufacturing,An unregistered product has been approved for supply under Section 19A. See the website: https://www.tga.gov.au/ws-s19a-index and search for the active ingredient,9/2/2024
61565,IMIGRAN S sumatriptan 10mg/0.1mL nasal spray vial,sumatriptan,"Spray, solution",100 mg/mL,Aspen Pharmacare Australia Pty Ltd,1300659646,Discontinued,,,10/11/2023,Low,Unavailable,Commercial Changes / Commercial viability,Other dosage forms are available.,21/02/2024
61566,IMIGRAN sumatriptan 20mg/0.1mL nasal spray vial,sumatriptan,"Spray, solution",200 mg/mL,Aspen Pharmacare Australia Pty Ltd,1300659646,Discontinued,,,16/01/2024,Medium,Unavailable,Commercial Changes / Commercial viability,Other dosage forms are available.,21/02/2024
61643,NORINYL-1 28 DAY tablet blister pack,mestranol~norethisterone,"Tablet, uncoated",51.5 microgram~1 mg,Pfizer Australia Pty Ltd,1800 675 229,Discontinued,,,30/04/2024,Medium,Reduction in supply until supply is exhausted,Commercial Changes / Commercial viability,,16/06/2022
61885,Pfizer (Australia) LEUCOVORIN CALCIUM folinic acid (as calcium folinate) 50mg/5mL injection USP ampoule,calcium folinate,"Injection, solution",10.8 mg/mL,Pfizer Australia Pty Ltd,1800-675-229,Discontinued,,,2/9/2024,Critical,Unavailable,Commercial Changes / Commercial viability,Alternative generic products are available,9/5/2024
61887,Pfizer (Australia) LEUCOVORIN CALCIUM folinic acid (as calcium folinate) 100mg/10mL injection USP ampoule,calcium folinate,"Injection, solution",10.8 mg/mL,Pfizer Australia Pty Ltd,1800 675 229,Discontinued,,,1/5/2024,Critical,Reduction in supply until supply is exhausted,Commercial Changes / Commercial viability,Other strengths are available,2/2/2024
62008,SPORANOX itraconazole 10 mg/mL oral liquid bottle,itraconazole,"Oral Liquid, solution",10 mg/mL,Janssen-Cilag Pty Ltd,1800226334,Discontinued,,,31/05/2024,Medium,Reduction in supply until supply is exhausted,Commercial Changes / Commercial viability,Reduction in supply until supply is exhausted.,15/02/2024
62136,NORIMIN-1 28 day tablet blister pack,ethinylestradiol~norethisterone,"Tablet, uncoated",36 microgram~1 mg,Pfizer Australia Pty Ltd,1800 675 229,Current,26/04/2024,30/11/2024,,Medium,Limited Availability,Manufacturing,An unregistered product has been approved for supply under Section 19A. See the website www.tga.gov.au/resources/section-19a-approvals and search for the active ingredient.,6/5/2024
62367,DAPA-TABS indapamide hemihydrate 2.5 mg tablet blister pack,indapamide hemihydrate,Tablet,2.5 mg,Alphapharm Pty Ltd,1800274276,Resolved,6/9/2024,1/10/2024,,Low,Available,Manufacturing,,2/10/2024
63447,FLIXOTIDE CFC-Free Fluticasone propionate 125 microgram/dose inhalation metered dose aerosol can,fluticasone propionate,"Inhalation, pressurised",125 microgram/actuation,GlaxoSmithKline Australia Pty Ltd,1800033109,Current,18/09/2024,22/11/2024,,Low,Limited Availability,Unexpected increase in consumer demand,Sponsor is working to expedite the next shipment. Alternative generic products are available.,20/09/2024
64240,ACTILYSE alteplase (rch) 10mg powder for injection vial with water for injections 10mL vial,Alteplase,"Diluent, not applicable",10 mg,Boehringer Ingelheim Pty Ltd,02 8875 8800,Resolved,12/1/2023,30/08/2024,,Critical,Available,Unexpected increase in consumer demand,,30/08/2024
64400,TEVETEN eprosartan 400mg (as mesilate) tablet blister pack,eprosartan mesilate,"Tablet, film coated",400 mg,Viatris Pty Ltd,1800 314 527,Discontinued,,,7/8/2024,Medium,Unavailable,Manufacturing,,12/8/2024
66103,COSOPT dorzolamide hydrochloride 20mg and timolol maleate 5mg per mL eye drop bottle,timolol maleate~dorzolamide hydrochloride,"Eye Drops, solution",6.83 mg/mL~22.26 mg/mL,Mundipharma Pty Ltd,1800 188 009,Current,5/8/2024,28/02/2025,,Low,Unavailable,Manufacturing,Mundipharma has made the decision to reinstate Cosopt eye drops as an ongoing product available in the Australian market. The sponsor is working to expedite the next shipment. Alternative generic products are available.,30/08/2024
66174,DIFFERIN adapalene 1mg/g cream tube,adapalene,Cream,1 mg/g,Galderma Australia Pty Ltd,294790600,Discontinued,,,18/12/2023,Low,Reduction in supply until supply is exhausted,Commercial Changes / Commercial viability,This product will be replaced by an alternative product - DIFFERIN ACNE TREATMENT adapalene 1 mg/g cream tube (ARTG 404329).,4/12/2023
66302,DOXYCYCLINE SANDOZ doxycycline 100mg (as monohydrate) tablet blister pack,doxycycline monohydrate,"Tablet, uncoated",104.1 mg,Sandoz Pty Ltd,1800 726 369,Resolved,27/06/2024,8/8/2024,,Low,Available,Manufacturing,,12/8/2024
66684,HEPARINISED SALINE 50IU/5mL (porcine mucous) injection ampoule,heparin sodium,"Injection, solution",10 IU/mL,Pfizer Australia Pty Ltd,1800-675-229,Current,23/09/2024,31/01/2025,,Critical,Limited Availability,Manufacturing,"An unregistered product has been approved for supply under Section 19A. The approval holder, ORSPEC Pharma Pty Ltd, can be contacted for details on supply on 02 4339 4239.",24/09/2024
66687,ClindaTech Clindamycin hydrochloride 10mg/mL solution bottle,clindamycin hydrochloride,Solution,10 mg/mL,iNova Pharmaceuticals (Australia) Pty Ltd,1800 630 056,Current,13/09/2024,18/10/2024,,Medium,Unavailable,Manufacturing,Sponsor is working to expedite the next shipment.,19/09/2024
67060,DALACIN T 1% clindamycin 10mg/mL (as phosphate) lotion bottle,clindamycin phosphate,Lotion,10 mg/mL,Pfizer Australia Pty Ltd,1800-675-229,Current,19/09/2024,31/01/2025,,Medium,Limited Availability,Manufacturing,The sponsor is working to expedite the next shipment.,20/09/2024
67182,DESOWEN desonide 0.5 mg/g lotion bottle,desonide,Lotion,.5 mg/g,Galderma Australia Pty Ltd,1800 800 765,Resolved,30/05/2024,9/8/2024,,Medium,Available,Manufacturing,,9/8/2024
67184,TRIASYN 2.5/2.5 tablet blister pack,felodipine~ramipril,"Tablet, modified release",2.5 mg~2.5 mg,Sanofi-Aventis Australia Pty Ltd,1800818806,Discontinued,,,18/11/2024,Low,Unavailable,Commercial Changes / Commercial viability,,28/05/2024
67313,CELLCEPT mycophenolate mofetil 250mg capsule blister pack (capsugel cap),mycophenolate mofetil,"Capsule, hard",250 mg,Roche Products Pty Ltd,1800 233 950,Discontinued,,,1/8/2024,Low,Reduction in supply until supply is exhausted,Commercial Changes / Commercial viability,Alternative generic products are available.,21/02/2024
67397,ZAVEDOS idarubicin hydrochloride 5mg/5mL injection  vial,idarubicin hydrochloride,"Injection, solution",1 mg/mL,Pfizer Australia Pty Ltd,1800-675-229,Resolved,29/05/2024,22/07/2024,,Medium,Available,Manufacturing,,26/07/2024
67398,ZAVEDOS idarubicin hydrochloride 10mg/10mL injection vial,idarubicin hydrochloride,"Injection, solution",1 mg/mL,Pfizer Australia Pty Ltd,1800-675-229,Resolved,5/12/2023,2/7/2024,,Medium,Available,Manufacturing,,5/7/2024
67901,CELEBREX celecoxib 100 mg capsule blister pack,celecoxib,"Capsule, hard",100 mg,Viatris Pty Ltd,1800 314 527,Current,4/5/2023,30/05/2023,,Low,Limited Availability,Manufacturing,Alternative generic products are available,1/6/2023
68410,CAMPRAL acamprosate calcium 333 mg enteric coated tablet blister pack,acamprosate calcium,"Tablet, enteric coated",333 mg,Alphapharm Pty Ltd,1800274276,Resolved,16/07/2024,17/07/2024,,Low,Available,Manufacturing,,18/07/2024
68438,"LYMPH-FLO Kit for preparation of Technetium [99mTc] Colloidal Antimony Sulphide Injection, composite pack",antimony trisulfide,"Injection, solution",1.1 mg/mL,Royal Adelaide Hospital Radiopharmacy,08 7074 0679,Current,7/11/2016,30/06/2025,,Medium,Unavailable,Commercial Changes / Commercial viability,"An unregistered product has been approved for supply under Section 19A. Please contact the approval holder for details on supply, Global Medical Solutions Australia Pty Limited T/A Radpharm Scientific on 02 9503 8100",4/7/2024
68651,FLECATAB flecainide acetate 100mg tablet blister pack,flecainide acetate,"Tablet, uncoated",100 mg,Alphapharm Pty Ltd,1800274276,Resolved,18/06/2024,19/08/2024,,Low,Available,Manufacturing,,27/08/2024
69076,MAXALT rizatriptan (as benzoate) 10mg wafer blister pack,rizatriptan benzoate,Wafer,14.53 mg,ORGANON PHARMA PTY LTD,1800 023 135,Current,1/9/2024,30/09/2024,,Low,Limited Availability,Manufacturing,the sponsor is working to expedite the next shipment,23/09/2024
70073,KETALAR ketamine 200mg/2mL (as hydrochloride) injection vial,ketamine hydrochloride,"Injection, solution",115.3 mg/mL,Pfizer Australia Pty Ltd,1800-675-229,Resolved,18/08/2023,12/8/2024,,Low,Available,Manufacturing,,12/8/2024
70433,GLYADE (Servier Formulation) gliclazide 80mg tablet blister pack,gliclazide,"Tablet, film coated",80 mg,Servier Laboratories (Aust) Pty Ltd,1800 274 276,Discontinued,,,13/10/2023,Low,Unavailable,Commercial Changes / Commercial viability,Alternative generic products are available.,15/12/2023
70468,ANTABUSE disulfiram 200mg tablet bottle,disulfiram,"Tablet, effervescent",200 mg,Arrotex Pharmaceuticals Pty Ltd,1800195055,Resolved,14/09/2023,4/7/2024,,Medium,Available,Manufacturing,,9/7/2024
70813,ESTALIS CONTINUOUS 50/140 estradiol 50mcg/day norethisterone acetate 140mcg/day patch sachet,norethisterone acetate~estradiol,"Drug delivery system, transdermal",2.7 mg~.62 mg,Sandoz Pty Ltd,1800 726 369,Current,29/08/2024,2/10/2024,,Medium,Unavailable,Manufacturing,The sponsor is working to expedite the next shipment.,24/09/2024
70817,ESTALIS CONTINUOUS 50/250 estradiol 50mcg/day norethisterone acetate 250mcg/day patch sachet,norethisterone acetate~estradiol,"Drug delivery system, transdermal",4.8 mg~.512 mg,Sandoz Pty Ltd,1800 726 369,Current,18/09/2024,22/10/2024,,Low,Limited Availability,Manufacturing,The sponsor is working to expedite the next shipment.,24/09/2024
70852,AKAMIN 50 minocycline (as hydrochloride) 50mg tablet bottle,minocycline hydrochloride dihydrate,"Tablet, film coated",54 mg,Alphapharm Pty Ltd,1800274276,Resolved,15/07/2024,23/07/2024,,Low,Available,Manufacturing,,23/07/2024
71758,KONAKION MM PAEDIATRIC phytomenadione 2 mg/0.2 mL injection ampoule,phytomenadione,"Injection, solution",10 mg/mL,Pharmaco Australia Ltd,1800201564,Resolved,26/06/2024,9/8/2024,,Critical,Available,Product recall,,29/08/2024
72213,Pfizer (Australia) MIDAZOLAM INJECTION midazolam 5mg/1mL injection ampoule,midazolam,"Injection, solution",5 mg/mL,Pfizer Australia Pty Ltd,1800-675-229,Current,29/04/2024,31/01/2025,,Low,Limited Availability,Manufacturing,Alternative generic products are available. The sponsor is closely controlling the supply.,9/9/2024
72214,Pfizer (Australia) MIDAZOLAM INJECTION midazolam 5mg/5mL injection ampoule,midazolam,"Injection, solution",1 mg/mL,Pfizer Australia Pty Ltd,1800-675-229,Current,19/09/2024,28/02/2025,,Low,Limited Availability,Manufacturing,the sponsor is working to expedite next shipment,23/09/2024
72820,GENTECH molybdenum (99Mo) / technetium (99mTc) sterile generator for production of sodium pertechnetate (99mTc) injection multidose vial,sodium pertechnetate(99mTc),"Injection, solution",20 GBq,Australian Nuclear Science and Technology Organisation T/A ANSTO,1800 251 572,Current,25/03/2024,18/10/2024,,Medium,Limited Availability,Manufacturing,An unregistered product has been approved for supply under Section 19A. See the website: https://www.tga.gov.au/ws-s19a-index and search for the active ingredient.,1/8/2024
73172,TOBI tobramycin 300mg/5mL solution for inhalation ampoule,tobramycin,"Inhalation, conventional",60 mg/mL,Viatris Pty Ltd,1800 314 527,Current,5/12/2023,31/10/2024,,Low,Unavailable,Manufacturing,Alternative brands are available.,27/09/2024
73180,VASOCARDOL diltiazem hydrochloride 60mg tablet bottle,diltiazem hydrochloride,"Tablet, film coated",60 mg,Sanofi-Aventis Australia Pty Ltd,1800818806,Resolved,3/7/2024,3/7/2024,,Medium,Available,Manufacturing,,5/7/2024
73580,OPTIRAY 320 ULTRAJECT ioversol 50.8g/75mL injection syringe,ioversol,"Injection, solution",678 mg/mL,Guerbet Australia Pty Ltd,280753007,Current,18/07/2022,31/01/2025,,Medium,Unavailable,Manufacturing,,12/1/2024
73779,TEVETEN eprosartan 600mg (as mesilate) tablet blister pack,eprosartan mesilate,"Tablet, film coated",735.8 mg,Viatris Pty Ltd,1800 314 527,Discontinued,,,30/12/2024,Low,Reduction in supply until supply is exhausted,Commercial Changes / Commercial viability,,7/8/2024
73858,APO-PRAZOSIN prazosin (as hydrochloride) 1mg tablet blister pack,prazosin hydrochloride,"Tablet, uncoated",1.1 mg,Arrotex Pharmaceuticals Pty Ltd,1800195055,Current,6/10/2023,25/10/2024,,Medium,Unavailable,Manufacturing,Another brand is available,27/02/2024
73862,APO-PRAZOSIN prazosin (as hydrochloride) 2mg tablet blister pack,prazosin hydrochloride,"Tablet, uncoated",2.2 mg,Arrotex Pharmaceuticals Pty Ltd,1800195055,Current,15/09/2023,25/10/2024,,Medium,Unavailable,Manufacturing,Sponsor is working to expedite the next shipment.,27/02/2024
73866,APO-PRAZOSIN prazosin (as hydrochloride) 5mg tablet blister pack,prazosin hydrochloride,"Tablet, uncoated",5.5 mg,Arrotex Pharmaceuticals Pty Ltd,1800195055,Current,13/07/2023,25/10/2024,,Medium,Unavailable,Manufacturing,"Sponsor is working to expedite the next shipment. 
An unregistered product has been approved for supply under Section 19A. The approval holder, ORSPEC Pharma Pty Ltd, can be contacted for details on supply on 02 4339 4239.",30/08/2024
73962,CLIMARA 25 estradiol 25 microgram/day transdermal drug delivery system sachet,estradiol,"Drug delivery system, transdermal",1.97 mg,Bayer Australia Ltd,1800008757,Discontinued,,,31/12/2023,Medium,Reduction in supply until supply is exhausted,Commercial Changes / Commercial viability,,15/05/2023
73963,CLIMARA 75 estradiol 75 microgram/day transdermal drug delivery system sachet,estradiol,"Drug delivery system, transdermal",5.69 mg,Bayer Australia Ltd,1800008757,Discontinued,,,15/11/2023,Medium,Unavailable,Commercial Changes / Commercial viability,,10/7/2023
74134,NEXIUM esomeprazole 40mg (as magnesium trihydrate)  tablet blister pack,esomeprazole magnesium trihydrate,"Tablet, enteric coated",44.5 mg,AstraZeneca Pty Ltd,1800 805 342,Discontinued,,,15/11/2023,Low,Reduction in supply until supply is exhausted,Commercial Changes / Commercial viability,Only the non-PBS hospital-only pack of 7 tablets is affected.,16/06/2023
74137,INDOSYL COMBI 4/1.25 perindopril erbumine 4mg / indapamide hemihydrate 1.25mg tablet blister pack,indapamide hemihydrate~perindopril erbumine,"Tablet, uncoated",1.25 mg~4 mg,Servier Laboratories (Aust) Pty Ltd,1300 927 769,Discontinued,,,31/01/2025,Low,Reduction in supply until supply is exhausted,Commercial Changes / Commercial viability,,27/02/2024
74143,OXYNORM oxycodone hydrochloride 10mg capsule blister pack,oxycodone hydrochloride,"Capsule, hard",10 mg,Mundipharma Pty Ltd,1800 188 009,Current,18/06/2024,1/12/2024,,Low,Limited Availability,Commercial Changes / Commercial viability,,26/06/2024
74145,OXYNORM oxycodone hydrochloride 5mg capsule blister pack,oxycodone hydrochloride,"Capsule, hard",5 mg,Mundipharma Pty Ltd,1800 188 009,Anticipated,22/11/2024,15/12/2024,,Low,Available,Manufacturing,The sponsor is working to expedite the next shipment. An alternative generic products is available.,23/09/2024
74150,MS MONO morphine sulfate pentahydrate 120mg modified release capsule blister pack,morphine sulfate pentahydrate,"Capsule, modified release",120 mg,Mundipharma Pty Ltd,1800 188 009,Discontinued,,,31/07/2024,Low,Reduction in supply until supply is exhausted,Commercial Changes / Commercial viability,The TGA is in consultation with subject matter experts and sponsors to develop a management strategy.,27/09/2024
74152,MS MONO morphine sulfate pentahydrate 90mg modified release capsule blister pack,morphine sulfate pentahydrate,"Capsule, modified release",90 mg,Mundipharma Pty Ltd,1800 188 009,Discontinued,,,30/06/2024,Low,Reduction in supply until supply is exhausted,Commercial Changes / Commercial viability,The TGA is in consultation with subject matter experts and sponsors to develop a management strategy.,27/09/2024
74154,MS MONO morphine sulfate pentahydrate 60mg modified release capsule blister pack,morphine sulfate pentahydrate,"Capsule, modified release",60 mg,Mundipharma Pty Ltd,1800 188 009,Discontinued,,,31/07/2024,Low,Reduction in supply until supply is exhausted,Commercial Changes / Commercial viability,The TGA is in consultation with subject matter experts and sponsors to develop a management strategy.,27/09/2024
74156,MS MONO morphine sulfate pentahydrate 30mg modified release capsule blister pack,morphine sulfate pentahydrate,"Capsule, modified release",30 mg,Mundipharma Pty Ltd,1800 188 009,Discontinued,,,10/5/2024,Low,Unavailable,Commercial Changes / Commercial viability,,22/07/2024
75012,METALYSE tenecteplase (rch) 40mg powder for injection vial plus prefilled syringe,Tenecteplase,"Injection, powder for",40 mg,Boehringer Ingelheim Pty Ltd,02 8875 8800,Discontinued,,,2/9/2024,Low,Reduction in supply until supply is exhausted,Commercial Changes / Commercial viability,"An alternative strength is in limited availability. 
A TGA web statement is available at www.tga.gov.au/safety/shortages/medicine-shortage-alerts/tenecteplase-metalyse-shortage-update",18/03/2024
75013,METALYSE tenecteplase (rch) 50mg powder for injection vial plus prefilled syringe,Tenecteplase,"Injection, powder for",50 mg,Boehringer Ingelheim Pty Ltd,02 8875 8800,Current,10/7/2022,31/12/2024,,Critical,Limited Availability,Unexpected increase in consumer demand,"A TGA web statement is available at https://www.tga.gov.au/alert/shortage-tenecteplase-metalyse. The TGA has approved a shelf-life extension of an additional 12 months from the original expiry date on the packaging for Metalyse batches with an original expiry date from January 2022 up to March 2025.
Unregistered alternative products have been approved for supply under Section 19A. For information on supply, contact the approval holders: Pro Pharmaceuticals Group Pty Ltd (Phone: 1300 077 674) or Medsurge Healthcare Pty Ltd (Phone: 1300 788 261).",17/08/2023
75106,PAMISOL pamidronate disodium 15mg/5mL injection vial,pamidronate disodium,"Injection, concentrated",3 mg,Pfizer Australia Pty Ltd,1800-675-229,Current,31/01/2024,8/11/2024,,Medium,Unavailable,Manufacturing,The sponsor is working to expedite the next shipment. Products in an alternative strength are available.,26/09/2024
75108,PAMISOL pamidronate disodium 60mg/10mL injection vial,pamidronate disodium,"Injection, concentrated",6 mg,Pfizer Australia Pty Ltd,1800-675-229,Anticipated,25/11/2024,16/12/2024,,Medium,Available,Manufacturing,Sponsor is working to expedite the next shipment.,1/10/2024
75109,PAMISOL pamidronate disodium 90mg/10mL injection vial,pamidronate disodium,"Injection, concentrated",9 mg,Pfizer Australia Pty Ltd,1800-675-229,Resolved,16/08/2024,21/08/2024,,Medium,Available,Manufacturing,,23/08/2024
75497,ACETEC 5 enalapril maleate 5mg tablet blister pack,enalapril maleate,"Tablet, uncoated",5 mg,Alphapharm Pty Ltd,1800274276,Resolved,8/3/2024,19/08/2024,,Low,Available,Manufacturing,,27/08/2024
75500,TECHNESCAN HDP kit for preparation of Technetium [99mTc] oxidronate powder for injection vial,sodium oxidronate,"Injection, powder for",3.15 mg,Landauer Radiopharmaceuticals Pty Ltd,02 8651 4000,Resolved,7/2/2024,1/7/2024,,Critical,Available,Manufacturing,,9/8/2024
75859,GENTECH molybdenum (99Mo) / technetium (99mTc) sterile generator for production of sodium pertechnetate (99mTc) 370GBq injection multidose vial,sodium pertechnetate(99mTc),Injection,370 GBq,Australian Nuclear Science and Technology Organisation T/A ANSTO,1800 251 572,Current,25/03/2024,18/10/2024,,Medium,Limited Availability,Manufacturing,An unregistered product has been approved for supply under Section 19A. See the website: https://www.tga.gov.au/ws-s19a-index and search for the active ingredient.,1/8/2024
76050,MAXAMOX amoxicillin (as trihydrate) 1000 mg tablet blister pack,amoxicillin trihydrate,"Tablet, film coated",1148 mg,Sandoz Pty Ltd,1800726369,Current,29/07/2022,30/09/2024,,Low,Unavailable,Manufacturing,Alternative products are available.,26/04/2024
76117,ESTRADERM MX 75 estradiol 75 microgram/24hr transdermal drug delivery system sachet,estradiol hemihydrate,"Drug delivery system, transdermal",2.32 mg,Juno Pharmaceuticals Pty Ltd,388881288,Current,29/04/2024,11/11/2024,,Low,Unavailable,Unexpected increase in demand due to other sponsors unable to supply,The sponsor is working to expedite the next shipment. Unregistered products have been approved for supply under Section 19A. See the website: https://www.tga.gov.au/ws-s19a-index and search for the active ingredient.,29/08/2024
76463,ACTOS Pioglitazone 30mg (as hydrochloride) tablet - uncoated blister pack,pioglitazone hydrochloride,"Tablet, uncoated",33.06 mg,Celltrion Healthcare Australia Pty Ltd,1800 325 228,Anticipated,1/1/2025,31/01/2025,,Low,Available,Manufacturing,Alternative generic products are available.,1/9/2024
76767,LASIX furosemide 40mg/4mL injection ampoule,furosemide sodium,"Injection, solution",10.664 mg/mL,Sanofi-Aventis Australia Pty Ltd,1800818806,Discontinued,,,15/05/2024,Low,Reduction in supply until supply is exhausted,Commercial Changes / Commercial viability,Other strengths are available.,2/11/2023
76865,FLIXOTIDE JUNIOR (CFC-FREE) INHALER fluticasone propionate 50 microgram/actuation inhalation-pressurised aerosol can-metered dose,fluticasone propionate,"Inhalation, pressurised",50 microgram/actuation,GlaxoSmithKline Australia Pty Ltd,1800033109,Resolved,4/7/2024,4/7/2024,,Low,Available,Unexpected increase in consumer demand,,4/7/2024
76908,ULTRAVIST-240 iopromide 49.872g/100mL injection bottle,iopromide,"Injection, solution",498.72 mg/mL,Bayer Australia Ltd,1800008757,Current,5/9/2024,31/10/2024,,Low,Unavailable,Unexpected increase in consumer demand,Sponsor is working to expedite the next shipment,6/9/2024
77358,COLAZIDE balsalazide sodium 750mg capsule bottle,balsalazide sodium,Capsule,750 mg,Fresenius Kabi Australia Pty Ltd,293915555,Discontinued,,,28/02/2025,Medium,Reduction in supply until supply is exhausted,Commercial Changes / Commercial viability,Alternative products are available.,18/06/2024
77577,APO-BACLOFEN baclofen 10mg tablet bottle,baclofen,Tablet,10 mg,Arrotex Pharmaceuticals Pty Ltd,1800195055,Resolved,19/07/2024,19/07/2024,,Medium,Available,Manufacturing,,29/07/2024
78211,CARBAMAZEPINE SANDOZ carbamazepine 200mg tablet blister pack,carbamazepine,"Tablet, uncoated",200 mg,Novartis Pharmaceuticals Australia Pty Ltd,298053555,Discontinued,,,4/4/2024,Low,Reduction in supply until supply is exhausted,Commercial Changes / Commercial viability,,12/7/2024
78217,CARBAMAZEPINE SANDOZ carbamazepine 100mg tablet blister pack,carbamazepine,"Tablet, uncoated",100 mg,Novartis Pharmaceuticals Australia Pty Ltd,298053555,Discontinued,,,4/4/2024,Low,Reduction in supply until supply is exhausted,Commercial Changes / Commercial viability,An alternative product is available.,12/7/2024
78349,TRIZIVIR abacavir sulfate with lamivudine and zidovudine tablet blister pack,zidovudine~abacavir sulfate~lamivudine,"Tablet, film coated",300 mg~351 mg~150 mg,ViiV Healthcare Pty Ltd,1800499226,Discontinued,,,15/06/2024,Medium,Unavailable,Commercial Changes / Commercial viability,,15/12/2023
78376,CATAPRES 150 Clonidine hydrochloride 150 microgram tablet blister pack,clonidine hydrochloride,"Tablet, uncoated",150 microgram,Clinect Pty Ltd,1800899005,Current,1/10/2024,21/10/2024,,Medium,Limited Availability,Manufacturing,Sponsor is working to expedite the next shipment.,1/10/2024
79334,AMARYL glimepiride 3mg tablet blister pack,glimepiride,"Tablet, uncoated",3 mg,Sanofi-Aventis Australia Pty Ltd,1800 818 8086,Discontinued,,,28/01/2024,Low,Reduction in supply until supply is exhausted,Commercial Changes / Commercial viability,Alternative generic products are available.,2/8/2023
79921,"CAELYX doxorubicin hydrochloride 50mg/25mL Injection, concentrated",doxorubicin hydrochloride,"Injection, concentrated",2 mg/mL,Baxter Healthcare Pty Ltd,1300302409,Current,9/7/2024,7/10/2024,,Medium,Unavailable,Manufacturing,Sponsor is working to expedite the next shipment. Alternative generic products are available.,16/09/2024
80342,FLOLAN epoprostenol sodium 500 microgram powder for injection vial with diluent vial,epoprostenol sodium,"Injection, powder for",.531 mg,GlaxoSmithKline Australia Pty Ltd,1800 033 109,Discontinued,,,3/7/2024,Low,Reduction in supply until supply is exhausted,Manufacturing,Alternative generic products are available.,28/05/2024
80343,FLOLAN epoprostenol sodium 1.5 mg powder for injection vial with diluent vial,epoprostenol sodium,"Injection, powder for",1.593 mg,GlaxoSmithKline Australia Pty Ltd,1800 033 109,Discontinued,,,30/06/2024,Low,Reduction in supply until supply is exhausted,Manufacturing,Alternative generic products are available.,28/05/2024
81930,ACCURETIC 10/12.5 tablet blister pack,quinapril hydrochloride~hydrochlorothiazide,"Tablet, film coated",10.832 mg~12.5 mg,Pfizer Australia Pty Ltd,1800 675 229,Current,1/3/2022,31/12/2024,,Critical,Unavailable,Manufacturing,,19/04/2024
81931,ACCURETIC 20/12.5 tablet blister pack,hydrochlorothiazide~quinapril hydrochloride,"Tablet, film coated",12.5 mg~21.664 mg,Pfizer Australia Pty Ltd,1800 675 229,Current,1/3/2022,31/12/2024,,Critical,Unavailable,Manufacturing,,19/04/2024
82372,CELLCEPT mycophenolate mofetil 500 mg tablet blister pack (new formulation),mycophenolate mofetil,"Tablet, film coated",500 mg,Roche Products Pty Ltd,1800 233 950,Discontinued,,,1/8/2024,Low,Reduction in supply until supply is exhausted,Commercial Changes / Commercial viability,Alternative generic products are available.,21/02/2024
82398,ANDRODERM testosterone 24.3 mg per patch transdermal drug delivery system sachet,testosterone,"Drug delivery system, transdermal",24.3 mg,Teva Pharma Australia Pty Ltd,1800 288 382,Discontinued,,,31/10/2024,Medium,Reduction in supply until supply is exhausted,Commercial Changes / Commercial viability,,12/6/2024
82475,CIPROL 750 ciprofloxacin 750mg (as hydrochloride) tablet blister pack,ciprofloxacin hydrochloride,"Tablet, film coated",873.32 mg,Arrotex Pharmaceuticals Pty Ltd,1800 195 055,Anticipated,24/01/2025,25/04/2025,,Low,Available,Manufacturing,The sponsor is working to expedite the next shipment. Alternative generic products are available.,18/09/2024
82745,VIVAXIM 1mL injection syringe composite pack,Salmonella typhi Vi polysaccharide~Hepatitis a virus antigen,"Injection, suspension",25 microgram~160 ELISA unit,Sanofi-Aventis Australia Pty Ltd,1800818806,Discontinued,,,1/4/2024,Low,Reduction in supply until supply is exhausted,Manufacturing,,9/2/2024
90196,CAVERJECT IMPULSE alprostadil 10microgram powder for injection with 0.5mL diluent dual chamber cartridge in single use syringe device,alprostadil,"Injection, powder for",20 microgram/mL,Pfizer Australia Pty Ltd,1800675229,Current,11/3/2024,15/11/2024,,Medium,Unavailable,Manufacturing,The sponsor is working to expedite the next shipment.,6/8/2024
90197,CAVERJECT IMPULSE alprostadil 20microgram powder for injection with 0.5mL diluent dual chamber cartridge in single use syringe device,alprostadil,"Injection, powder for",40 microgram/mL,Pfizer Australia Pty Ltd,1800 675 229,Current,6/11/2023,31/12/2024,,Medium,Unavailable,Manufacturing,The sponsor is working to expedite the next shipment.,7/8/2024
90880,FISAMOX amoxicillin (as sodium) 1000 mg powder for injection vial,amoxicillin sodium,"Injection, powder for",1060 mg,Viatris Pty Ltd,1800 314 527,Current,17/09/2024,31/12/2024,,Low,Limited Availability,Manufacturing,,19/09/2024
90882,ZOMETA zoledronic acid 4 mg/5 mL concentrated injection vial,zoledronic acid,"Injection, concentrated",4 mg,SciGen Australia Pty Ltd,1800 676 833,Current,14/10/2021,31/03/2025,,Low,Unavailable,Commercial Changes / Commercial viability,Alternative brands are available.,4/7/2024
91107,FORMET 500 metformin hydrochloride 500mg tablet bottle,metformin hydrochloride,"Tablet, film coated",500 mg,Arrow Pharma Pty Ltd,1800195055,Resolved,26/04/2024,23/08/2024,,Low,Available,Manufacturing,,27/08/2024
91112,FORMET 1000 metformin hydrochloride 1000mg tablet bottle,metformin hydrochloride,"Tablet, film coated",1000 mg,Arrow Pharma Pty Ltd,1800195055,Resolved,4/7/2024,23/08/2024,,Low,Available,Manufacturing,,27/08/2024
91113,FORMET 1000 metformin hydrochloride 1000mg tablet blister pack,metformin hydrochloride,"Tablet, film coated",1000 mg,Arrotex Pharmaceuticals Pty Ltd,1800 195 055,Resolved,1/10/2024,1/10/2024,,Low,Available,Manufacturing,,2/10/2024
91161,EZETROL ezetimibe 10mg tablet blister pack,ezetimibe,Tablet,10 mg,ORGANON PHARMA PTY LTD,1800023135,Current,4/9/2024,31/10/2024,,Low,Unavailable,Unexpected increase in demand due to other sponsors unable to supply,"The sponsor is working to expedite the next shipment. An unregistered product has been approved for supply under Section 19A. The approval holder, Reach Pharmaceuticals Pty Ltd, can be contacted for details on supply on 0422 429 648.",24/09/2024
91256,ANZATAX paclitaxel 300mg/50mL injection vial,paclitaxel,"Injection, concentrated",6 mg/mL,Pfizer Australia Pty Ltd,1800-675-229,Resolved,16/08/2024,10/9/2024,,Low,Available,Manufacturing,,11/9/2024
91344,EXTRANEAL 7.5% w/v icodextrin peritoneal dialysis solution bag AHB5546,sodium lactate~icodextrin~magnesium chloride hexahydrate~calcium chloride dihydrate~sodium chloride,"Solution, dialysis",4.5 g/L~75 g/L~51 mg/L~257 mg/L~5.4 g/L,Vantive Pty Ltd,417482968,Current,16/07/2024,30/06/2025,,Critical,Limited Availability,Manufacturing,"The sponsor is closely controlling the supply. 
An unregistered product has been approved for supply under Section 19A. The approval holder, Vantive Pty Ltd?, can be contacted for details on supply on 1800 920 133.",2/8/2024
91836,PEGASYS peginterferon alfa-2a 135 micrograms/0.5mL injection pre-filled syringe,Peginterferon alfa2a,"Injection, solution",135 microgram,Echo Therapeutics Pty Ltd,1300848328,Anticipated,1/3/2025,1/6/2025,,Critical,Available,Unexpected increase in consumer demand,"The sponsor is closely controlling the supply. This medicine can be accessed through the Pegasys Home Delivery Program. For information on this program, go to https://www.echotherapeutics.com.au/echocarepegasyspatient",1/10/2024
91837,PEGASYS peginterferon alfa-2a 180 micrograms/0.5mL injection pre-filled syringe,Peginterferon alfa2a,"Injection, solution",180 microgram,Echo Therapeutics Pty Ltd,1300848328,Anticipated,1/3/2025,1/6/2025,,Critical,Available,Unexpected increase in consumer demand,"The sponsor is closely controlling the supply. This medicine can be accessed through the Pegasys Home Delivery Program. For information on this program, go to https://www.echotherapeutics.com.au/echocarepegasyspatient",1/10/2024
91919,TRACLEER bosentan 62.5mg (as monohydrate) tablet bottle,bosentan monohydrate,"Tablet, film coated",64.54 mg,Janssen-Cilag Pty Ltd,1800 226 334,Discontinued,,,31/12/2024,Low,Reduction in supply until supply is exhausted,Commercial Changes / Commercial viability,Alternative generic products are available. The sponsor will continue to supply to existing eligible patients enrolled in the compassionate supply program until the end of December 2024.,22/04/2024
91920,TRACLEER bosentan 125mg (as monohydrate) tablet bottle,bosentan monohydrate,"Tablet, film coated",129.08 mg,Janssen-Cilag Pty Ltd,1800 226 334,Discontinued,,,31/12/2024,Low,Reduction in supply until supply is exhausted,Commercial Changes / Commercial viability,Alternative generic products are available. The sponsor will continue to supply to existing eligible patients enrolled in the compassionate supply program until the end of December 2024.,22/04/2024
92251,STELAX 10 baclofen 10mg tablet bottle,baclofen,"Tablet, uncoated",10 mg,Arrotex Pharmaceuticals Pty Ltd,1800 195 055,Resolved,21/06/2024,30/07/2024,,Low,Available,Manufacturing,,1/8/2024
92252,STELAX 25 baclofen 25mg tablet bottle,baclofen,"Tablet, uncoated",25 mg,Arrotex Pharmaceuticals Pty Ltd,1800 195 055,Current,6/9/2024,22/11/2024,,Medium,Unavailable,Transport / Logistic issues / Storage capacity issues,Alternative generic products are available.,11/9/2024
92753,ARABLOC leflunomide 10mg tablet bottle,leflunomide,"Tablet, film coated",10 mg,Sanofi-Aventis Australia Pty Ltd,1800818806,Discontinued,,,30/05/2024,Low,Reduction in supply until supply is exhausted,Commercial Changes / Commercial viability,,3/11/2023
92840,IBIMICYN ampicillin 1g (as sodium) powder for injection vial,ampicillin,"Injection, powder for",1 g,Juno Pharmaceuticals Pty Ltd,03 8888 1288,Discontinued,,,1/11/2023,Critical,Reduction in supply until supply is exhausted,Commercial Changes / Commercial viability,An alternative product is available.,23/08/2024
92972,IBILEX 125 cefalexin 125mg/5mL powder for oral liquid bottle,cefalexin monohydrate,"Oral Liquid, powder for",26.3 mg/mL,Alphapharm Pty Ltd,1800274276,Resolved,10/5/2024,15/07/2024,,Low,Available,Manufacturing,,15/07/2024
93680,ELIDEL pimecrolimus 1% w/w cream tube,pimecrolimus,Cream,10 mg/g,Viatris Pty Ltd,1800 314 527,Current,26/09/2024,11/10/2024,,Medium,Limited Availability,Manufacturing,The sponsor is closely controlling the supply.,1/10/2024
93722,MAXAMOX amoxicillin trihydrate 500mg/5mLpowder for oral suspension bottle,amoxicillin trihydrate,"Oral Liquid, powder for",114.82 mg/mL,Sandoz Pty Ltd,1800 726 369,Current,5/9/2024,27/09/2024,,Low,Unavailable,Manufacturing,Other strengths are available. Sponsor is working to expedite the next shipment.,19/09/2024
93788,AUSFAM 20 famotidine 20mg tablet blister pack,famotidine,"Tablet, film coated",20 mg,Arrotex Pharmaceuticals Pty Ltd,1800195055,Current,10/8/2023,10/1/2025,,Medium,Unavailable,Manufacturing,Sponsor is working to expedite the next shipment.,27/08/2024
93789,AUSFAM 40 famotidine 40mg tablet blister pack,famotidine,"Tablet, film coated",40 mg,Arrotex Pharmaceuticals Pty Ltd,1800195055,Current,10/8/2023,10/1/2025,,Medium,Unavailable,Manufacturing,Sponsor is working to expedite the next shipment.,27/08/2024
93862,CONCERTA methylphenidate hydrochloride 18mg modified release tablet bottle,methylphenidate hydrochloride,"Tablet, modified release",18 mg,Janssen-Cilag Pty Ltd,1800226334,Resolved,28/08/2024,25/09/2024,,Low,Available,Manufacturing,,27/09/2024
93863,CONCERTA methylphenidate hydrochloride 36mg modified release tablet bottle,methylphenidate hydrochloride,"Tablet, modified release",36 mg,Janssen-Cilag Pty Ltd,1800226334,Resolved,14/08/2024,20/08/2024,,Low,Available,Manufacturing,,27/08/2024
93864,CONCERTA methylphenidate hydrochloride 54mg modified release tablet bottle,methylphenidate hydrochloride,"Tablet, modified release",54 mg,Janssen-Cilag Pty Ltd,1800226334,Resolved,9/7/2024,16/07/2024,,Low,Available,Manufacturing,,17/07/2024
94175,ZARONTIN ethosuximide 250mg capsule bottle,ethosuximide,"Capsule, soft",250 mg,Clinect Pty Ltd,1800899005,Current,26/02/2024,31/01/2025,,Critical,Unavailable,Manufacturing,"An unregistered product has been approved for supply under Section 19A. The approval holder, Clinect Pty Ltd, can be contacted for details on supply on 1800 899 005.",1/8/2024
94204,TACIDINE nizatidine 150mg capsule blister pack,nizatidine,Capsule,150 mg,Alphapharm Pty Ltd,1800274276,Current,11/9/2024,4/10/2024,,Low,Limited Availability,Unexpected increase in demand due to other sponsors unable to supply,The sponsor is working to expedite the next shipment.,23/09/2024
94205,TACIDINE nizatidine 300mg capsule blister pack,nizatidine,Capsule,300 mg,Alphapharm Pty Ltd,1800274276,Current,17/09/2024,15/11/2024,,Low,Limited Availability,Unexpected increase in demand due to other sponsors unable to supply,The sponsor is working to expedite the next shipment.,23/09/2024
94527,IDAPREX COMBI 4/1.25 perindopril erbumine 4mg and indapamide hemihydrate 1.25mg tablet blister pack,perindopril erbumine~indapamide hemihydrate,"Tablet, uncoated",4 mg~1.25 mg,Servier Laboratories (Aust) Pty Ltd,1800726369,Discontinued,,,30/04/2025,Low,Reduction in supply until supply is exhausted,Commercial Changes / Commercial viability,,1/4/2024
96654,VOLTAREN OPHTHA diclofenac sodium 1mg/mL eye drops bottle,diclofenac sodium,"Eye Drops, solution",1 mg/mL,Novartis Pharmaceuticals Australia Pty Ltd,1800635202,Discontinued,,,31/12/2023,Medium,Unavailable,Commercial Changes / Commercial viability,Suitable alternatives are available.,7/11/2023
96738,IDAPREX 8  perindopril erbumine 8mg tablet blister pack,perindopril erbumine,"Tablet, uncoated",8 mg,Servier Laboratories (Aust) Pty Ltd,1800726369,Discontinued,,,28/02/2025,Low,Reduction in supply until supply is exhausted,Commercial Changes / Commercial viability,,8/3/2024
96810,VOLTAREN diclofenac sodium 25mg suppository blister pack,diclofenac sodium,"Suppository, moulded",25 mg,Novartis Pharmaceuticals Australia Pty Ltd,1800 671 203,Discontinued,,,1/2/2024,Low,Reduction in supply until supply is exhausted,Commercial Changes / Commercial viability,,23/01/2024
96963,NIZAC nizatidine 300mg capsule blister pack,nizatidine,"Capsule, hard",300 mg,Arrotex Pharmaceuticals Pty Ltd,1800 195 055,Current,9/8/2024,3/1/2025,,Low,Unavailable,Manufacturing,The sponsor is working to expedite the next shipment. Alternative generic products are available,22/08/2024
97450,ELIGARD leuprorelin acetate 22.5mg modified release injection syringe,leuprorelin acetate,"Injection, modified release",22.5 mg,Mundipharma Pty Ltd,1800 188 009,Resolved,30/08/2024,30/08/2024,,Medium,Available,Manufacturing,,3/9/2024
97505,ESKAZOLE  albendazole 400mg chewable tablet bottle,albendazole,"Tablet, chewable",400 mg,Aspen Pharmacare Australia Pty Ltd,1300659646,Resolved,16/02/2024,29/07/2024,,Medium,Available,Commercial Changes / Commercial viability,,30/07/2024
98489,CHOLSTAT 40 pravastatin sodium 40mg tablet blister pack,pravastatin sodium,"Tablet, uncoated",40 mg,Alphapharm Pty Ltd,1800274276,Current,10/5/2024,22/11/2024,,Low,Limited Availability,Manufacturing,Alternative generic products are available.,20/08/2024
98647,AERON 250 ipratropium bromide (as monohydrate) 250 microgram/mL inhalation ampoule,ipratropium bromide monohydrate,"Inhalation, conventional",261 microgram,Viatris Pty Ltd,1800 314 527,Discontinued,,,29/03/2024,Low,Reduction in supply until supply is exhausted,Commercial Changes / Commercial viability,Alternative generic products are available,23/08/2023
99707,KALIXOCIN clarithromycin 250mg tablet blister pack,clarithromycin,"Tablet, film coated",250 mg,Viatris Pty Ltd,1800 314 527,Anticipated,8/11/2024,31/12/2024,,Low,Available,Unexpected increase in consumer demand,Alternative generic products are available.,13/09/2024
99794,IMREST zopiclone 7.5mg tablet blister pack,zopiclone,"Tablet, film coated",7.5 mg,Alphapharm Pty Ltd,1800274276,Resolved,4/3/2024,19/08/2024,,Low,Available,Manufacturing,,29/08/2024
99937,ROXIMYCIN roxithromycin 150mg tablet blister pack,roxithromycin,"Tablet, film coated",150 mg,Alphapharm Pty Ltd,1800 274 276,Discontinued,,,5/8/2024,Low,Unavailable,Manufacturing,Alternative generic products are available.,8/8/2024
99939,ROXIMYCIN roxithromycin 300mg tablet blister pack,roxithromycin,"Tablet, film coated",300 mg,Alphapharm Pty Ltd,1800 274 276,Discontinued,,,5/8/2024,Medium,Unavailable,Manufacturing,Alternative generic products are availalbe.,8/8/2024
